image_path,split,label,class_name,episode_id,capture_timestamp,snn_left,snn_straight,snn_right,snn_source,steering
..\..\..\carla_data\straight\STRAIGHT_2297_20260404_030659_042573.png,test,1,straight,time_group_001,2026-04-04T03:06:59.042573,,,,,
..\..\..\carla_data\straight\STRAIGHT_2342_20260404_030700_595800.png,test,1,straight,time_group_001,2026-04-04T03:07:00.595800,,,,,
..\..\..\carla_data\straight\STRAIGHT_2390_20260404_030701_978860.png,test,1,straight,time_group_001,2026-04-04T03:07:01.978860,,,,,
..\..\..\carla_data\straight\STRAIGHT_2435_20260404_030703_435218.png,test,1,straight,time_group_001,2026-04-04T03:07:03.435218,,,,,
..\..\..\carla_data\straight\STRAIGHT_2481_20260404_030704_953326.png,test,1,straight,time_group_001,2026-04-04T03:07:04.953326,,,,,
..\..\..\carla_data\straight\STRAIGHT_2532_20260404_030706_378053.png,test,1,straight,time_group_001,2026-04-04T03:07:06.378053,,,,,
..\..\..\carla_data\straight\STRAIGHT_2714_20260404_030711_259930.png,test,1,straight,time_group_001,2026-04-04T03:07:11.259930,,,,,
..\..\..\carla_data\straight\STRAIGHT_2766_20260404_030712_528092.png,test,1,straight,time_group_001,2026-04-04T03:07:12.528092,,,,,
..\..\..\carla_data\straight\STRAIGHT_2826_20260404_030714_098167.png,test,1,straight,time_group_001,2026-04-04T03:07:14.098167,,,,,
..\..\..\carla_data\straight\STRAIGHT_2878_20260404_030715_540253.png,test,1,straight,time_group_001,2026-04-04T03:07:15.540253,,,,,
..\..\..\carla_data\straight\STRAIGHT_2908_20260404_030716_499996.png,test,1,straight,time_group_001,2026-04-04T03:07:16.499996,,,,,
..\..\..\carla_data\straight\STRAIGHT_2967_20260404_030717_728866.png,test,1,straight,time_group_001,2026-04-04T03:07:17.728866,,,,,
..\..\..\carla_data\straight\STRAIGHT_2987_20260404_030718_412785.png,test,1,straight,time_group_001,2026-04-04T03:07:18.412785,,,,,
..\..\..\carla_data\straight\STRAIGHT_3012_20260404_030719_066939.png,test,1,straight,time_group_001,2026-04-04T03:07:19.066939,,,,,
..\..\..\carla_data\straight\STRAIGHT_3072_20260404_030720_391763.png,test,1,straight,time_group_001,2026-04-04T03:07:20.391763,,,,,
..\..\..\carla_data\straight\STRAIGHT_3104_20260404_030721_199080.png,test,1,straight,time_group_001,2026-04-04T03:07:21.199080,,,,,
..\..\..\carla_data\straight\STRAIGHT_3143_20260404_030722_228215.png,test,1,straight,time_group_001,2026-04-04T03:07:22.228215,,,,,
..\..\..\carla_data\straight\STRAIGHT_3170_20260404_030723_160915.png,test,1,straight,time_group_001,2026-04-04T03:07:23.160915,,,,,
..\..\..\carla_data\straight\STRAIGHT_3208_20260404_030723_963622.png,test,1,straight,time_group_001,2026-04-04T03:07:23.963622,,,,,
..\..\..\carla_data\straight\STRAIGHT_3264_20260404_030725_462429.png,test,1,straight,time_group_001,2026-04-04T03:07:25.462429,,,,,
..\..\..\carla_data\straight\STRAIGHT_3313_20260404_030726_762954.png,test,1,straight,time_group_001,2026-04-04T03:07:26.762954,,,,,
..\..\..\carla_data\straight\STRAIGHT_3366_20260404_030728_154944.png,test,1,straight,time_group_001,2026-04-04T03:07:28.154944,,,,,
..\..\..\carla_data\straight\STRAIGHT_3418_20260404_030729_641029.png,test,1,straight,time_group_001,2026-04-04T03:07:29.641029,,,,,
..\..\..\carla_data\straight\STRAIGHT_3468_20260404_030731_013874.png,test,1,straight,time_group_001,2026-04-04T03:07:31.013874,,,,,
..\..\..\carla_data\straight\STRAIGHT_3522_20260404_030732_404051.png,test,1,straight,time_group_001,2026-04-04T03:07:32.404051,,,,,
..\..\..\carla_data\straight\STRAIGHT_3577_20260404_030733_820762.png,test,1,straight,time_group_001,2026-04-04T03:07:33.820762,,,,,
..\..\..\carla_data\straight\STRAIGHT_3630_20260404_030735_159353.png,test,1,straight,time_group_001,2026-04-04T03:07:35.159353,,,,,
..\..\..\carla_data\left\MANUAL_LEFT_20260404_233403_853853.png,test,0,left,time_group_012,2026-04-04T23:34:03.853853,,,,,
..\..\..\carla_data\left\MANUAL_LEFT_20260405_000208_957381.png,test,0,left,time_group_016,2026-04-05T00:02:08.957381,,,,,
..\..\..\carla_data\right\MANUAL_RIGHT_20260405_000216_821227.png,test,2,right,time_group_016,2026-04-05T00:02:16.821227,,,,,
..\..\..\carla_data\left\MANUAL_LEFT_20260405_001037_910570.png,test,0,left,time_group_021,2026-04-05T00:10:37.910570,,,,,
..\..\..\carla_data\left\MANUAL_LEFT_20260405_001045_647372.png,test,0,left,time_group_021,2026-04-05T00:10:45.647372,,,,,
..\..\..\carla_data\left\MANUAL_LEFT_20260405_001052_833748.png,test,0,left,time_group_021,2026-04-05T00:10:52.833748,,,,,
..\..\..\carla_data\right\MANUAL_RIGHT_20260405_001104_264176.png,test,2,right,time_group_021,2026-04-05T00:11:04.264176,,,,,
..\..\..\carla_data\right\MANUAL_RIGHT_20260405_004108_262543.png,test,2,right,time_group_042,2026-04-05T00:41:08.262543,,,,,
..\..\..\carla_data\left\MANUAL_LEFT_20260405_004124_979593.png,test,0,left,time_group_042,2026-04-05T00:41:24.979593,,,,,
..\..\..\carla_data\right\MANUAL_RIGHT_20260405_004138_628328.png,test,2,right,time_group_042,2026-04-05T00:41:38.628328,,,,,
..\..\..\carla_data\left\MANUAL_LEFT_20260405_004155_520314.png,test,0,left,time_group_042,2026-04-05T00:41:55.520314,,,,,
..\..\..\carla_data\left\MANUAL_LEFT_20260405_004213_352437.png,test,0,left,time_group_042,2026-04-05T00:42:13.352437,,,,,
..\..\..\carla_data\right\MANUAL_RIGHT_20260405_004220_993665.png,test,2,right,time_group_042,2026-04-05T00:42:20.993665,,,,,
..\..\..\carla_data\left\MANUAL_LEFT_20260405_004237_955695.png,test,0,left,time_group_042,2026-04-05T00:42:37.955695,,,,,
..\..\..\carla_data\right\MANUAL_RIGHT_20260405_004245_170121.png,test,2,right,time_group_042,2026-04-05T00:42:45.170121,,,,,
..\..\..\carla_data\right\MANUAL_RIGHT_20260405_005115_699151.png,test,2,right,time_group_049,2026-04-05T00:51:15.699151,,,,,
..\..\..\carla_data\left\MANUAL_LEFT_20260405_005123_855439.png,test,0,left,time_group_049,2026-04-05T00:51:23.855439,,,,,
..\..\..\carla_data\left\MANUAL_LEFT_20260405_005131_913068.png,test,0,left,time_group_049,2026-04-05T00:51:31.913068,,,,,
..\..\..\carla_data\left\MANUAL_LEFT_20260405_005140_155216.png,test,0,left,time_group_049,2026-04-05T00:51:40.155216,,,,,
..\..\..\carla_data\left\MANUAL_LEFT_20260405_005448_676461.png,test,0,left,time_group_053,2026-04-05T00:54:48.676461,,,,,
..\..\..\carla_data\right\MANUAL_RIGHT_20260405_005910_059201.png,test,2,right,time_group_057,2026-04-05T00:59:10.059201,,,,,
..\..\..\carla_data\right\MANUAL_RIGHT_20260405_005921_218006.png,test,2,right,time_group_057,2026-04-05T00:59:21.218006,,,,,
..\..\..\carla_data\left\MANUAL_LEFT_20260405_005931_704655.png,test,0,left,time_group_057,2026-04-05T00:59:31.704655,,,,,
..\..\..\carla_data\left\MANUAL_LEFT_20260405_005937_399641.png,test,0,left,time_group_057,2026-04-05T00:59:37.399641,,,,,
..\..\..\carla_data\right\MANUAL_RIGHT_20260405_010046_625560.png,test,2,right,time_group_059,2026-04-05T01:00:46.625560,,,,,
..\..\..\carla_data\right\MANUAL_RIGHT_20260405_010054_353517.png,test,2,right,time_group_059,2026-04-05T01:00:54.353517,,,,,
..\..\..\carla_data\left\MANUAL_LEFT_20260405_010056_793436.png,test,0,left,time_group_059,2026-04-05T01:00:56.793436,,,,,
..\..\..\carla_data\right\MANUAL_RIGHT_20260405_010110_845449.png,test,2,right,time_group_059,2026-04-05T01:01:10.845449,,,,,
..\..\..\carla_data\right\MANUAL_RIGHT_20260405_010119_234750.png,test,2,right,time_group_059,2026-04-05T01:01:19.234750,,,,,
..\..\..\carla_data\left\MANUAL_LEFT_20260405_010126_318466.png,test,0,left,time_group_059,2026-04-05T01:01:26.318466,,,,,
..\..\..\carla_data\right\MANUAL_RIGHT_20260405_010144_039433.png,test,2,right,time_group_059,2026-04-05T01:01:44.039433,,,,,
..\..\..\carla_data\right\MANUAL_RIGHT_20260405_010201_089603.png,test,2,right,time_group_059,2026-04-05T01:02:01.089603,,,,,
..\..\..\carla_data\right\MANUAL_RIGHT_20260405_010208_171687.png,test,2,right,time_group_059,2026-04-05T01:02:08.171687,,,,,
..\..\..\carla_data\left\MANUAL_LEFT_20260405_010219_153449.png,test,0,left,time_group_059,2026-04-05T01:02:19.153449,,,,,
..\..\..\carla_data\left\MANUAL_LEFT_20260405_010224_979551.png,test,0,left,time_group_059,2026-04-05T01:02:24.979551,,,,,
..\..\..\carla_data\right\MANUAL_RIGHT_20260405_010232_674130.png,test,2,right,time_group_059,2026-04-05T01:02:32.674130,,,,,
..\..\..\carla_data\right\MANUAL_RIGHT_20260405_010240_326700.png,test,2,right,time_group_059,2026-04-05T01:02:40.326700,,,,,
..\..\..\carla_data\right\MANUAL_RIGHT_20260405_010352_325632.png,test,2,right,time_group_061,2026-04-05T01:03:52.325632,,,,,
..\..\..\carla_data\left\MANUAL_LEFT_20260405_010402_942075.png,test,0,left,time_group_061,2026-04-05T01:04:02.942075,,,,,
..\..\..\carla_data\right\MANUAL_RIGHT_20260405_010411_799738.png,test,2,right,time_group_061,2026-04-05T01:04:11.799738,,,,,
..\..\..\carla_data\left\MANUAL_LEFT_20260405_010419_993507.png,test,0,left,time_group_061,2026-04-05T01:04:19.993507,,,,,
..\..\..\carla_data\left\MANUAL_LEFT_20260405_010422_832937.png,test,0,left,time_group_061,2026-04-05T01:04:22.832937,,,,,
..\..\..\carla_data\left\MANUAL_LEFT_20260405_010430_128713.png,test,0,left,time_group_061,2026-04-05T01:04:30.128713,,,,,
..\..\..\carla_data\left\MANUAL_LEFT_20260405_010431_984175.png,test,0,left,time_group_061,2026-04-05T01:04:31.984175,,,,,
..\..\..\carla_data\left\MANUAL_LEFT_20260405_010433_957625.png,test,0,left,time_group_061,2026-04-05T01:04:33.957625,,,,,
..\..\..\carla_data\left\MANUAL_LEFT_20260405_010436_727246.png,test,0,left,time_group_061,2026-04-05T01:04:36.727246,,,,,
..\..\..\carla_data\right\MANUAL_RIGHT_20260405_010446_510515.png,test,2,right,time_group_061,2026-04-05T01:04:46.510515,,,,,
..\..\..\carla_data\right\MANUAL_RIGHT_20260405_010455_298476.png,test,2,right,time_group_061,2026-04-05T01:04:55.298476,,,,,
..\..\..\carla_data\right\MANUAL_RIGHT_20260405_010506_768409.png,test,2,right,time_group_061,2026-04-05T01:05:06.768409,,,,,
..\..\..\carla_data\right\MANUAL_RIGHT_20260405_010513_998360.png,test,2,right,time_group_061,2026-04-05T01:05:13.998360,,,,,
..\..\..\carla_data\right\MANUAL_RIGHT_20260405_010522_295707.png,test,2,right,time_group_061,2026-04-05T01:05:22.295707,,,,,
..\..\..\carla_data\left\MANUAL_LEFT_20260405_010530_697140.png,test,0,left,time_group_061,2026-04-05T01:05:30.697140,,,,,
..\..\..\carla_data\left\MANUAL_LEFT_20260405_010915_685598.png,test,0,left,time_group_065,2026-04-05T01:09:15.685598,,,,,
..\..\..\carla_data\left\MANUAL_LEFT_20260405_010923_537083.png,test,0,left,time_group_065,2026-04-05T01:09:23.537083,,,,,
..\..\..\carla_data\right\MANUAL_RIGHT_20260405_010938_455620.png,test,2,right,time_group_065,2026-04-05T01:09:38.455620,,,,,
..\..\..\carla_data\left\MANUAL_LEFT_20260405_011152_770133.png,test,0,left,time_group_068,2026-04-05T01:11:52.770133,,,,,
..\..\..\carla_data\right\MANUAL_RIGHT_20260405_011158_751128.png,test,2,right,time_group_068,2026-04-05T01:11:58.751128,,,,,
..\..\..\carla_data\left\MANUAL_LEFT_20260405_011429_344753.png,test,0,left,time_group_070,2026-04-05T01:14:29.344753,,,,,
..\..\..\carla_data\right\MANUAL_RIGHT_20260405_012633_649255.png,test,2,right,time_group_079,2026-04-05T01:26:33.649255,,,,,
..\..\..\carla_data\right\MANUAL_RIGHT_20260405_012641_404434.png,test,2,right,time_group_079,2026-04-05T01:26:41.404434,,,,,
..\..\..\carla_data\right\MANUAL_RIGHT_20260405_012649_426009.png,test,2,right,time_group_079,2026-04-05T01:26:49.426009,,,,,
..\..\..\carla_data\straight\STRAIGHT_8917_20260404_031002_215514.png,train,1,straight,time_group_004,2026-04-04T03:10:02.215514,,,,,
..\..\..\carla_data\straight\STRAIGHT_8990_20260404_031004_320369.png,train,1,straight,time_group_004,2026-04-04T03:10:04.320369,,,,,
..\..\..\carla_data\straight\STRAIGHT_9122_20260404_031007_736057.png,train,1,straight,time_group_004,2026-04-04T03:10:07.736057,,,,,
..\..\..\carla_data\straight\STRAIGHT_9178_20260404_031009_223973.png,train,1,straight,time_group_004,2026-04-04T03:10:09.223973,,,,,
..\..\..\carla_data\straight\STRAIGHT_9229_20260404_031010_652357.png,train,1,straight,time_group_004,2026-04-04T03:10:10.652357,,,,,
..\..\..\carla_data\straight\STRAIGHT_9281_20260404_031012_022069.png,train,1,straight,time_group_004,2026-04-04T03:10:12.022069,,,,,
..\..\..\carla_data\straight\STRAIGHT_9330_20260404_031013_394936.png,train,1,straight,time_group_004,2026-04-04T03:10:13.394936,,,,,
..\..\..\carla_data\straight\STRAIGHT_9381_20260404_031014_943870.png,train,1,straight,time_group_004,2026-04-04T03:10:14.943870,,,,,
..\..\..\carla_data\straight\STRAIGHT_9419_20260404_031016_082372.png,train,1,straight,time_group_004,2026-04-04T03:10:16.082372,,,,,
..\..\..\carla_data\straight\STRAIGHT_9460_20260404_031016_931468.png,train,1,straight,time_group_004,2026-04-04T03:10:16.931468,,,,,
..\..\..\carla_data\straight\STRAIGHT_9483_20260404_031017_608615.png,train,1,straight,time_group_004,2026-04-04T03:10:17.608615,,,,,
..\..\..\carla_data\straight\STRAIGHT_9505_20260404_031018_212503.png,train,1,straight,time_group_004,2026-04-04T03:10:18.212503,,,,,
..\..\..\carla_data\straight\STRAIGHT_9574_20260404_031019_854879.png,train,1,straight,time_group_004,2026-04-04T03:10:19.854879,,,,,
..\..\..\carla_data\straight\STRAIGHT_9599_20260404_031020_668536.png,train,1,straight,time_group_004,2026-04-04T03:10:20.668536,,,,,
..\..\..\carla_data\straight\STRAIGHT_9649_20260404_031021_981455.png,train,1,straight,time_group_004,2026-04-04T03:10:21.981455,,,,,
..\..\..\carla_data\straight\STRAIGHT_9699_20260404_031023_071150.png,train,1,straight,time_group_004,2026-04-04T03:10:23.071150,,,,,
..\..\..\carla_data\straight\STRAIGHT_9752_20260404_031024_502084.png,train,1,straight,time_group_004,2026-04-04T03:10:24.502084,,,,,
..\..\..\carla_data\straight\STRAIGHT_9804_20260404_031025_914844.png,train,1,straight,time_group_004,2026-04-04T03:10:25.914844,,,,,
..\..\..\carla_data\straight\STRAIGHT_9854_20260404_031027_228479.png,train,1,straight,time_group_004,2026-04-04T03:10:27.228479,,,,,
..\..\..\carla_data\straight\STRAIGHT_9903_20260404_031028_538819.png,train,1,straight,time_group_004,2026-04-04T03:10:28.538819,,,,,
..\..\..\carla_data\straight\STRAIGHT_9954_20260404_031030_071190.png,train,1,straight,time_group_004,2026-04-04T03:10:30.071190,,,,,
..\..\..\carla_data\straight\STRAIGHT_10003_20260404_031031_400490.png,train,1,straight,time_group_004,2026-04-04T03:10:31.400490,,,,,
..\..\..\carla_data\straight\STRAIGHT_10057_20260404_031032_766287.png,train,1,straight,time_group_004,2026-04-04T03:10:32.766287,,,,,
..\..\..\carla_data\straight\STRAIGHT_10112_20260404_031034_163484.png,train,1,straight,time_group_004,2026-04-04T03:10:34.163484,,,,,
..\..\..\carla_data\straight\STRAIGHT_11245_20260404_031102_367352.png,train,1,straight,time_group_005,2026-04-04T03:11:02.367352,,,,,
..\..\..\carla_data\straight\STRAIGHT_11318_20260404_031104_397544.png,train,1,straight,time_group_005,2026-04-04T03:11:04.397544,,,,,
..\..\..\carla_data\straight\STRAIGHT_11371_20260404_031105_495394.png,train,1,straight,time_group_005,2026-04-04T03:11:05.495394,,,,,
..\..\..\carla_data\straight\STRAIGHT_11422_20260404_031106_767132.png,train,1,straight,time_group_005,2026-04-04T03:11:06.767132,,,,,
..\..\..\carla_data\straight\STRAIGHT_11474_20260404_031108_041175.png,train,1,straight,time_group_005,2026-04-04T03:11:08.041175,,,,,
..\..\..\carla_data\straight\STRAIGHT_11539_20260404_031109_799273.png,train,1,straight,time_group_005,2026-04-04T03:11:09.799273,,,,,
..\..\..\carla_data\straight\STRAIGHT_11601_20260404_031111_033994.png,train,1,straight,time_group_005,2026-04-04T03:11:11.033994,,,,,
..\..\..\carla_data\straight\STRAIGHT_11627_20260404_031111_796592.png,train,1,straight,time_group_005,2026-04-04T03:11:11.796592,,,,,
..\..\..\carla_data\straight\STRAIGHT_11676_20260404_031112_789441.png,train,1,straight,time_group_005,2026-04-04T03:11:12.789441,,,,,
..\..\..\carla_data\straight\STRAIGHT_11697_20260404_031113_481850.png,train,1,straight,time_group_005,2026-04-04T03:11:13.481850,,,,,
..\..\..\carla_data\straight\STRAIGHT_11748_20260404_031114_769413.png,train,1,straight,time_group_005,2026-04-04T03:11:14.769413,,,,,
..\..\..\carla_data\straight\STRAIGHT_11803_20260404_031116_348303.png,train,1,straight,time_group_005,2026-04-04T03:11:16.348303,,,,,
..\..\..\carla_data\straight\STRAIGHT_11826_20260404_031116_990400.png,train,1,straight,time_group_005,2026-04-04T03:11:16.990400,,,,,
..\..\..\carla_data\straight\STRAIGHT_11868_20260404_031118_198246.png,train,1,straight,time_group_005,2026-04-04T03:11:18.198246,,,,,
..\..\..\carla_data\straight\STRAIGHT_11886_20260404_031118_819449.png,train,1,straight,time_group_005,2026-04-04T03:11:18.819449,,,,,
..\..\..\carla_data\straight\STRAIGHT_11925_20260404_031119_743396.png,train,1,straight,time_group_005,2026-04-04T03:11:19.743396,,,,,
..\..\..\carla_data\straight\STRAIGHT_11977_20260404_031121_230800.png,train,1,straight,time_group_005,2026-04-04T03:11:21.230800,,,,,
..\..\..\carla_data\straight\STRAIGHT_12057_20260404_031123_555642.png,train,1,straight,time_group_005,2026-04-04T03:11:23.555642,,,,,
..\..\..\carla_data\straight\STRAIGHT_12105_20260404_031124_952455.png,train,1,straight,time_group_005,2026-04-04T03:11:24.952455,,,,,
..\..\..\carla_data\straight\STRAIGHT_12157_20260404_031126_422604.png,train,1,straight,time_group_005,2026-04-04T03:11:26.422604,,,,,
..\..\..\carla_data\straight\STRAIGHT_12201_20260404_031127_689622.png,train,1,straight,time_group_005,2026-04-04T03:11:27.689622,,,,,
..\..\..\carla_data\straight\STRAIGHT_12256_20260404_031129_274421.png,train,1,straight,time_group_005,2026-04-04T03:11:29.274421,,,,,
..\..\..\carla_data\straight\STRAIGHT_12298_20260404_031130_608557.png,train,1,straight,time_group_005,2026-04-04T03:11:30.608557,,,,,
..\..\..\carla_data\straight\STRAIGHT_12350_20260404_031132_090964.png,train,1,straight,time_group_005,2026-04-04T03:11:32.090964,,,,,
..\..\..\carla_data\straight\STRAIGHT_12402_20260404_031133_724199.png,train,1,straight,time_group_005,2026-04-04T03:11:33.724199,,,,,
..\..\..\carla_data\straight\STRAIGHT_12451_20260404_031135_022826.png,train,1,straight,time_group_005,2026-04-04T03:11:35.022826,,,,,
..\..\..\carla_data\straight\STRAIGHT_12499_20260404_031136_406542.png,train,1,straight,time_group_005,2026-04-04T03:11:36.406542,,,,,
..\..\..\carla_data\straight\STRAIGHT_12522_20260404_031137_203417.png,train,1,straight,time_group_005,2026-04-04T03:11:37.203417,,,,,
..\..\..\carla_data\straight\STRAIGHT_12581_20260404_031138_644540.png,train,1,straight,time_group_005,2026-04-04T03:11:38.644540,,,,,
..\..\..\carla_data\straight\STRAIGHT_12621_20260404_031139_654298.png,train,1,straight,time_group_005,2026-04-04T03:11:39.654298,,,,,
..\..\..\carla_data\straight\STRAIGHT_12678_20260404_031141_206862.png,train,1,straight,time_group_005,2026-04-04T03:11:41.206862,,,,,
..\..\..\carla_data\straight\STRAIGHT_12698_20260404_031141_924546.png,train,1,straight,time_group_005,2026-04-04T03:11:41.924546,,,,,
..\..\..\carla_data\straight\STRAIGHT_12748_20260404_031143_165303.png,train,1,straight,time_group_005,2026-04-04T03:11:43.165303,,,,,
..\..\..\carla_data\straight\STRAIGHT_12801_20260404_031144_660294.png,train,1,straight,time_group_005,2026-04-04T03:11:44.660294,,,,,
..\..\..\carla_data\straight\STRAIGHT_12854_20260404_031146_131899.png,train,1,straight,time_group_005,2026-04-04T03:11:46.131899,,,,,
..\..\..\carla_data\straight\STRAIGHT_12944_20260404_031148_588482.png,train,1,straight,time_group_005,2026-04-04T03:11:48.588482,,,,,
..\..\..\carla_data\straight\STRAIGHT_12998_20260404_031150_083479.png,train,1,straight,time_group_005,2026-04-04T03:11:50.083479,,,,,
..\..\..\carla_data\straight\STRAIGHT_13048_20260404_031151_445531.png,train,1,straight,time_group_005,2026-04-04T03:11:51.445531,,,,,
..\..\..\carla_data\straight\STRAIGHT_13099_20260404_031152_833584.png,train,1,straight,time_group_005,2026-04-04T03:11:52.833584,,,,,
..\..\..\carla_data\straight\STRAIGHT_13149_20260404_031154_191323.png,train,1,straight,time_group_005,2026-04-04T03:11:54.191323,,,,,
..\..\..\carla_data\straight\STRAIGHT_13198_20260404_031155_543233.png,train,1,straight,time_group_005,2026-04-04T03:11:55.543233,,,,,
..\..\..\carla_data\straight\STRAIGHT_13244_20260404_031156_800213.png,train,1,straight,time_group_005,2026-04-04T03:11:56.800213,,,,,
..\..\..\carla_data\straight\STRAIGHT_13301_20260404_031158_334241.png,train,1,straight,time_group_005,2026-04-04T03:11:58.334241,,,,,
..\..\..\carla_data\straight\STRAIGHT_13352_20260404_031159_793503.png,train,1,straight,time_group_005,2026-04-04T03:11:59.793503,,,,,
..\..\..\carla_data\straight\STRAIGHT_13403_20260404_031201_166744.png,train,1,straight,time_group_005,2026-04-04T03:12:01.166744,,,,,
..\..\..\carla_data\straight\STRAIGHT_13451_20260404_031202_427626.png,train,1,straight,time_group_005,2026-04-04T03:12:02.427626,,,,,
..\..\..\carla_data\straight\STRAIGHT_13500_20260404_031203_702592.png,train,1,straight,time_group_005,2026-04-04T03:12:03.702592,,,,,
..\..\..\carla_data\straight\STRAIGHT_13516_20260404_031204_289081.png,train,1,straight,time_group_005,2026-04-04T03:12:04.289081,,,,,
..\..\..\carla_data\straight\STRAIGHT_13559_20260404_031205_253220.png,train,1,straight,time_group_005,2026-04-04T03:12:05.253220,,,,,
..\..\..\carla_data\straight\STRAIGHT_13578_20260404_031205_899026.png,train,1,straight,time_group_005,2026-04-04T03:12:05.899026,,,,,
..\..\..\carla_data\straight\STRAIGHT_13620_20260404_031206_912985.png,train,1,straight,time_group_005,2026-04-04T03:12:06.912985,,,,,
..\..\..\carla_data\straight\STRAIGHT_13639_20260404_031207_642957.png,train,1,straight,time_group_005,2026-04-04T03:12:07.642957,,,,,
..\..\..\carla_data\straight\STRAIGHT_13664_20260404_031208_337918.png,train,1,straight,time_group_005,2026-04-04T03:12:08.337918,,,,,
..\..\..\carla_data\straight\STRAIGHT_13718_20260404_031209_713664.png,train,1,straight,time_group_005,2026-04-04T03:12:09.713664,,,,,
..\..\..\carla_data\straight\STRAIGHT_13754_20260404_031210_763249.png,train,1,straight,time_group_005,2026-04-04T03:12:10.763249,,,,,
..\..\..\carla_data\straight\STRAIGHT_13806_20260404_031212_286341.png,train,1,straight,time_group_005,2026-04-04T03:12:12.286341,,,,,
..\..\..\carla_data\straight\STRAIGHT_13854_20260404_031213_707358.png,train,1,straight,time_group_005,2026-04-04T03:12:13.707358,,,,,
..\..\..\carla_data\straight\STRAIGHT_13905_20260404_031215_329568.png,train,1,straight,time_group_005,2026-04-04T03:12:15.329568,,,,,
..\..\..\carla_data\straight\STRAIGHT_13953_20260404_031216_754133.png,train,1,straight,time_group_005,2026-04-04T03:12:16.754133,,,,,
..\..\..\carla_data\straight\STRAIGHT_14002_20260404_031218_176076.png,train,1,straight,time_group_005,2026-04-04T03:12:18.176076,,,,,
..\..\..\carla_data\straight\STRAIGHT_14999_20260404_031247_726572.png,train,1,straight,time_group_006,2026-04-04T03:12:47.726572,,,,,
..\..\..\carla_data\straight\STRAIGHT_15065_20260404_031249_823487.png,train,1,straight,time_group_006,2026-04-04T03:12:49.823487,,,,,
..\..\..\carla_data\straight\STRAIGHT_15111_20260404_031251_009006.png,train,1,straight,time_group_006,2026-04-04T03:12:51.009006,,,,,
..\..\..\carla_data\straight\STRAIGHT_15160_20260404_031252_434690.png,train,1,straight,time_group_006,2026-04-04T03:12:52.434690,,,,,
..\..\..\carla_data\straight\STRAIGHT_15209_20260404_031253_829277.png,train,1,straight,time_group_006,2026-04-04T03:12:53.829277,,,,,
..\..\..\carla_data\straight\STRAIGHT_15258_20260404_031255_243286.png,train,1,straight,time_group_006,2026-04-04T03:12:55.243286,,,,,
..\..\..\carla_data\straight\STRAIGHT_15304_20260404_031256_551534.png,train,1,straight,time_group_006,2026-04-04T03:12:56.551534,,,,,
..\..\..\carla_data\straight\STRAIGHT_15354_20260404_031257_937297.png,train,1,straight,time_group_006,2026-04-04T03:12:57.937297,,,,,
..\..\..\carla_data\straight\STRAIGHT_15404_20260404_031259_330372.png,train,1,straight,time_group_006,2026-04-04T03:12:59.330372,,,,,
..\..\..\carla_data\straight\STRAIGHT_15421_20260404_031300_031648.png,train,1,straight,time_group_006,2026-04-04T03:13:00.031648,,,,,
..\..\..\carla_data\straight\STRAIGHT_15472_20260404_031301_373723.png,train,1,straight,time_group_006,2026-04-04T03:13:01.373723,,,,,
..\..\..\carla_data\straight\STRAIGHT_15500_20260404_031302_032984.png,train,1,straight,time_group_006,2026-04-04T03:13:02.032984,,,,,
..\..\..\carla_data\straight\STRAIGHT_15552_20260404_031303_321862.png,train,1,straight,time_group_006,2026-04-04T03:13:03.321862,,,,,
..\..\..\carla_data\straight\STRAIGHT_15589_20260404_031304_330228.png,train,1,straight,time_group_006,2026-04-04T03:13:04.330228,,,,,
..\..\..\carla_data\straight\STRAIGHT_15642_20260404_031305_811867.png,train,1,straight,time_group_006,2026-04-04T03:13:05.811867,,,,,
..\..\..\carla_data\straight\STRAIGHT_15664_20260404_031306_457703.png,train,1,straight,time_group_006,2026-04-04T03:13:06.457703,,,,,
..\..\..\carla_data\straight\STRAIGHT_15684_20260404_031307_084288.png,train,1,straight,time_group_006,2026-04-04T03:13:07.084288,,,,,
..\..\..\carla_data\straight\STRAIGHT_15714_20260404_031307_802637.png,train,1,straight,time_group_006,2026-04-04T03:13:07.802637,,,,,
..\..\..\carla_data\straight\STRAIGHT_15788_20260404_031309_925093.png,train,1,straight,time_group_006,2026-04-04T03:13:09.925093,,,,,
..\..\..\carla_data\straight\STRAIGHT_15835_20260404_031311_256831.png,train,1,straight,time_group_006,2026-04-04T03:13:11.256831,,,,,
..\..\..\carla_data\straight\STRAIGHT_15887_20260404_031312_702864.png,train,1,straight,time_group_006,2026-04-04T03:13:12.702864,,,,,
..\..\..\carla_data\straight\STRAIGHT_15943_20260404_031314_270452.png,train,1,straight,time_group_006,2026-04-04T03:13:14.270452,,,,,
..\..\..\carla_data\straight\STRAIGHT_15989_20260404_031315_670210.png,train,1,straight,time_group_006,2026-04-04T03:13:15.670210,,,,,
..\..\..\carla_data\straight\STRAIGHT_16037_20260404_031316_998288.png,train,1,straight,time_group_006,2026-04-04T03:13:16.998288,,,,,
..\..\..\carla_data\straight\STRAIGHT_16091_20260404_031318_445232.png,train,1,straight,time_group_006,2026-04-04T03:13:18.445232,,,,,
..\..\..\carla_data\straight\STRAIGHT_16142_20260404_031319_805423.png,train,1,straight,time_group_006,2026-04-04T03:13:19.805423,,,,,
..\..\..\carla_data\straight\STRAIGHT_16197_20260404_031321_238882.png,train,1,straight,time_group_006,2026-04-04T03:13:21.238882,,,,,
..\..\..\carla_data\straight\STRAIGHT_16284_20260404_031323_537845.png,train,1,straight,time_group_006,2026-04-04T03:13:23.537845,,,,,
..\..\..\carla_data\straight\STRAIGHT_16338_20260404_031324_953618.png,train,1,straight,time_group_006,2026-04-04T03:13:24.953618,,,,,
..\..\..\carla_data\straight\STRAIGHT_16392_20260404_031326_342903.png,train,1,straight,time_group_006,2026-04-04T03:13:26.342903,,,,,
..\..\..\carla_data\straight\STRAIGHT_16443_20260404_031327_622943.png,train,1,straight,time_group_006,2026-04-04T03:13:27.622943,,,,,
..\..\..\carla_data\straight\STRAIGHT_16525_20260404_031329_800723.png,train,1,straight,time_group_006,2026-04-04T03:13:29.800723,,,,,
..\..\..\carla_data\straight\STRAIGHT_16545_20260404_031330_505476.png,train,1,straight,time_group_006,2026-04-04T03:13:30.505476,,,,,
..\..\..\carla_data\straight\STRAIGHT_16595_20260404_031331_646156.png,train,1,straight,time_group_006,2026-04-04T03:13:31.646156,,,,,
..\..\..\carla_data\straight\STRAIGHT_16614_20260404_031332_332364.png,train,1,straight,time_group_006,2026-04-04T03:13:32.332364,,,,,
..\..\..\carla_data\straight\STRAIGHT_16677_20260404_031333_930835.png,train,1,straight,time_group_006,2026-04-04T03:13:33.930835,,,,,
..\..\..\carla_data\straight\STRAIGHT_16713_20260404_031334_971107.png,train,1,straight,time_group_006,2026-04-04T03:13:34.971107,,,,,
..\..\..\carla_data\straight\STRAIGHT_16760_20260404_031336_354627.png,train,1,straight,time_group_006,2026-04-04T03:13:36.354627,,,,,
..\..\..\carla_data\straight\STRAIGHT_16807_20260404_031337_758775.png,train,1,straight,time_group_006,2026-04-04T03:13:37.758775,,,,,
..\..\..\carla_data\straight\STRAIGHT_16858_20260404_031339_306392.png,train,1,straight,time_group_006,2026-04-04T03:13:39.306392,,,,,
..\..\..\carla_data\straight\STRAIGHT_16897_20260404_031340_460467.png,train,1,straight,time_group_006,2026-04-04T03:13:40.460467,,,,,
..\..\..\carla_data\straight\STRAIGHT_16955_20260404_031342_198392.png,train,1,straight,time_group_006,2026-04-04T03:13:42.198392,,,,,
..\..\..\carla_data\straight\STRAIGHT_17005_20260404_031343_671078.png,train,1,straight,time_group_006,2026-04-04T03:13:43.671078,,,,,
..\..\..\carla_data\straight\STRAIGHT_17047_20260404_031344_997004.png,train,1,straight,time_group_006,2026-04-04T03:13:44.997004,,,,,
..\..\..\carla_data\straight\STRAIGHT_17100_20260404_031346_562682.png,train,1,straight,time_group_006,2026-04-04T03:13:46.562682,,,,,
..\..\..\carla_data\straight\STRAIGHT_17146_20260404_031347_910786.png,train,1,straight,time_group_006,2026-04-04T03:13:47.910786,,,,,
..\..\..\carla_data\straight\STRAIGHT_17192_20260404_031349_257105.png,train,1,straight,time_group_006,2026-04-04T03:13:49.257105,,,,,
..\..\..\carla_data\straight\STRAIGHT_17239_20260404_031350_631219.png,train,1,straight,time_group_006,2026-04-04T03:13:50.631219,,,,,
..\..\..\carla_data\straight\STRAIGHT_17288_20260404_031352_085687.png,train,1,straight,time_group_006,2026-04-04T03:13:52.085687,,,,,
..\..\..\carla_data\straight\STRAIGHT_17318_20260404_031353_098492.png,train,1,straight,time_group_006,2026-04-04T03:13:53.098492,,,,,
..\..\..\carla_data\straight\STRAIGHT_17336_20260404_031353_682652.png,train,1,straight,time_group_006,2026-04-04T03:13:53.682652,,,,,
..\..\..\carla_data\straight\STRAIGHT_17368_20260404_031354_567456.png,train,1,straight,time_group_006,2026-04-04T03:13:54.567456,,,,,
..\..\..\carla_data\straight\STRAIGHT_17413_20260404_031355_667244.png,train,1,straight,time_group_006,2026-04-04T03:13:55.667244,,,,,
..\..\..\carla_data\straight\STRAIGHT_17472_20260404_031357_292669.png,train,1,straight,time_group_006,2026-04-04T03:13:57.292669,,,,,
..\..\..\carla_data\straight\STRAIGHT_17525_20260404_031358_766960.png,train,1,straight,time_group_006,2026-04-04T03:13:58.766960,,,,,
..\..\..\carla_data\straight\STRAIGHT_17541_20260404_031359_403002.png,train,1,straight,time_group_006,2026-04-04T03:13:59.403002,,,,,
..\..\..\carla_data\straight\STRAIGHT_17579_20260404_031400_415794.png,train,1,straight,time_group_006,2026-04-04T03:14:00.415794,,,,,
..\..\..\carla_data\straight\STRAIGHT_17607_20260404_031401_221332.png,train,1,straight,time_group_006,2026-04-04T03:14:01.221332,,,,,
..\..\..\carla_data\straight\STRAIGHT_17643_20260404_031402_258808.png,train,1,straight,time_group_006,2026-04-04T03:14:02.258808,,,,,
..\..\..\carla_data\straight\STRAIGHT_17679_20260404_031403_324692.png,train,1,straight,time_group_006,2026-04-04T03:14:03.324692,,,,,
..\..\..\carla_data\left\MANUAL_LEFT_20260404_232216_250707.png,train,0,left,time_group_007,2026-04-04T23:22:16.250707,,,,,
..\..\..\carla_data\right\MANUAL_RIGHT_20260404_232221_314498.png,train,2,right,time_group_007,2026-04-04T23:22:21.314498,,,,,
..\..\..\carla_data\left\MANUAL_LEFT_20260404_232229_116081.png,train,0,left,time_group_007,2026-04-04T23:22:29.116081,,,,,
..\..\..\carla_data\right\MANUAL_RIGHT_20260404_232237_515471.png,train,2,right,time_group_007,2026-04-04T23:22:37.515471,,,,,
..\..\..\carla_data\right\MANUAL_RIGHT_20260404_232245_939326.png,train,2,right,time_group_007,2026-04-04T23:22:45.939326,,,,,
..\..\..\carla_data\right\MANUAL_RIGHT_20260404_232255_429958.png,train,2,right,time_group_007,2026-04-04T23:22:55.429958,,,,,
..\..\..\carla_data\left\MANUAL_LEFT_20260404_232451_206423.png,train,0,left,time_group_008,2026-04-04T23:24:51.206423,,,,,
..\..\..\carla_data\left\MANUAL_LEFT_20260404_232455_004345.png,train,0,left,time_group_008,2026-04-04T23:24:55.004345,,,,,
..\..\..\carla_data\right\MANUAL_RIGHT_20260404_232500_025513.png,train,2,right,time_group_008,2026-04-04T23:25:00.025513,,,,,
..\..\..\carla_data\right\MANUAL_RIGHT_20260404_232507_759238.png,train,2,right,time_group_008,2026-04-04T23:25:07.759238,,,,,
..\..\..\carla_data\right\MANUAL_RIGHT_20260404_232517_973400.png,train,2,right,time_group_008,2026-04-04T23:25:17.973400,,,,,
..\..\..\carla_data\left\MANUAL_LEFT_20260404_232529_295666.png,train,0,left,time_group_008,2026-04-04T23:25:29.295666,,,,,
..\..\..\carla_data\right\MANUAL_RIGHT_20260404_232534_251443.png,train,2,right,time_group_008,2026-04-04T23:25:34.251443,,,,,
..\..\..\carla_data\right\MANUAL_RIGHT_20260404_232542_000510.png,train,2,right,time_group_008,2026-04-04T23:25:42.000510,,,,,
..\..\..\carla_data\left\MANUAL_LEFT_20260404_232553_108654.png,train,0,left,time_group_008,2026-04-04T23:25:53.108654,,,,,
..\..\..\carla_data\right\MANUAL_RIGHT_20260404_232600_711615.png,train,2,right,time_group_008,2026-04-04T23:26:00.711615,,,,,
..\..\..\carla_data\left\MANUAL_LEFT_20260404_232608_080123.png,train,0,left,time_group_008,2026-04-04T23:26:08.080123,,,,,
..\..\..\carla_data\left\MANUAL_LEFT_20260404_232616_424711.png,train,0,left,time_group_008,2026-04-04T23:26:16.424711,,,,,
..\..\..\carla_data\right\MANUAL_RIGHT_20260404_232616_883051.png,train,2,right,time_group_008,2026-04-04T23:26:16.883051,,,,,
..\..\..\carla_data\left\MANUAL_LEFT_20260404_232650_938607.png,train,0,left,time_group_009,2026-04-04T23:26:50.938607,,,,,
..\..\..\carla_data\right\MANUAL_RIGHT_20260404_232702_224517.png,train,2,right,time_group_009,2026-04-04T23:27:02.224517,,,,,
..\..\..\carla_data\left\MANUAL_LEFT_20260404_232707_030840.png,train,0,left,time_group_009,2026-04-04T23:27:07.030840,,,,,
..\..\..\carla_data\right\MANUAL_RIGHT_20260404_232722_115352.png,train,2,right,time_group_009,2026-04-04T23:27:22.115352,,,,,
..\..\..\carla_data\right\MANUAL_RIGHT_20260404_232730_901270.png,train,2,right,time_group_009,2026-04-04T23:27:30.901270,,,,,
..\..\..\carla_data\right\MANUAL_RIGHT_20260404_232737_814566.png,train,2,right,time_group_009,2026-04-04T23:27:37.814566,,,,,
..\..\..\carla_data\left\MANUAL_LEFT_20260404_232745_304512.png,train,0,left,time_group_009,2026-04-04T23:27:45.304512,,,,,
..\..\..\carla_data\left\MANUAL_LEFT_20260404_232749_688859.png,train,0,left,time_group_009,2026-04-04T23:27:49.688859,,,,,
..\..\..\carla_data\left\MANUAL_LEFT_20260404_232753_903021.png,train,0,left,time_group_009,2026-04-04T23:27:53.903021,,,,,
..\..\..\carla_data\left\MANUAL_LEFT_20260404_232808_907671.png,train,0,left,time_group_009,2026-04-04T23:28:08.907671,,,,,
..\..\..\carla_data\left\MANUAL_LEFT_20260404_232817_738027.png,train,0,left,time_group_009,2026-04-04T23:28:17.738027,,,,,
..\..\..\carla_data\left\MANUAL_LEFT_20260404_232827_219385.png,train,0,left,time_group_009,2026-04-04T23:28:27.219385,,,,,
..\..\..\carla_data\left\MANUAL_LEFT_20260404_232834_837884.png,train,0,left,time_group_009,2026-04-04T23:28:34.837884,,,,,
..\..\..\carla_data\left\MANUAL_LEFT_20260404_232852_007380.png,train,0,left,time_group_009,2026-04-04T23:28:52.007380,,,,,
..\..\..\carla_data\left\MANUAL_LEFT_20260404_232901_039156.png,train,0,left,time_group_009,2026-04-04T23:29:01.039156,,,,,
..\..\..\carla_data\left\MANUAL_LEFT_20260404_232907_321282.png,train,0,left,time_group_009,2026-04-04T23:29:07.321282,,,,,
..\..\..\carla_data\left\MANUAL_LEFT_20260404_232911_314745.png,train,0,left,time_group_009,2026-04-04T23:29:11.314745,,,,,
..\..\..\carla_data\left\MANUAL_LEFT_20260404_232919_795772.png,train,0,left,time_group_009,2026-04-04T23:29:19.795772,,,,,
..\..\..\carla_data\right\MANUAL_RIGHT_20260404_232925_110482.png,train,2,right,time_group_009,2026-04-04T23:29:25.110482,,,,,
..\..\..\carla_data\left\MANUAL_LEFT_20260404_232933_600766.png,train,0,left,time_group_009,2026-04-04T23:29:33.600766,,,,,
..\..\..\carla_data\left\MANUAL_LEFT_20260404_232936_903772.png,train,0,left,time_group_009,2026-04-04T23:29:36.903772,,,,,
..\..\..\carla_data\left\MANUAL_LEFT_20260404_233008_586698.png,train,0,left,time_group_010,2026-04-04T23:30:08.586698,,,,,
..\..\..\carla_data\left\MANUAL_LEFT_20260404_233021_945858.png,train,0,left,time_group_010,2026-04-04T23:30:21.945858,,,,,
..\..\..\carla_data\left\MANUAL_LEFT_20260404_233027_856907.png,train,0,left,time_group_010,2026-04-04T23:30:27.856907,,,,,
..\..\..\carla_data\left\MANUAL_LEFT_20260404_233043_947955.png,train,0,left,time_group_010,2026-04-04T23:30:43.947955,,,,,
..\..\..\carla_data\left\MANUAL_LEFT_20260404_233053_361569.png,train,0,left,time_group_010,2026-04-04T23:30:53.361569,,,,,
..\..\..\carla_data\left\MANUAL_LEFT_20260404_233100_026005.png,train,0,left,time_group_010,2026-04-04T23:31:00.026005,,,,,
..\..\..\carla_data\left\MANUAL_LEFT_20260404_233104_580396.png,train,0,left,time_group_010,2026-04-04T23:31:04.580396,,,,,
..\..\..\carla_data\left\MANUAL_LEFT_20260404_233124_358951.png,train,0,left,time_group_010,2026-04-04T23:31:24.358951,,,,,
..\..\..\carla_data\left\MANUAL_LEFT_20260404_233223_408354.png,train,0,left,time_group_011,2026-04-04T23:32:23.408354,,,,,
..\..\..\carla_data\left\MANUAL_LEFT_20260404_233238_251237.png,train,0,left,time_group_011,2026-04-04T23:32:38.251237,,,,,
..\..\..\carla_data\left\MANUAL_LEFT_20260404_233244_377630.png,train,0,left,time_group_011,2026-04-04T23:32:44.377630,,,,,
..\..\..\carla_data\left\MANUAL_LEFT_20260404_233256_377310.png,train,0,left,time_group_011,2026-04-04T23:32:56.377310,,,,,
..\..\..\carla_data\left\MANUAL_LEFT_20260404_233309_400298.png,train,0,left,time_group_011,2026-04-04T23:33:09.400298,,,,,
..\..\..\carla_data\left\MANUAL_LEFT_20260404_233436_234724.png,train,0,left,time_group_013,2026-04-04T23:34:36.234724,,,,,
..\..\..\carla_data\left\MANUAL_LEFT_20260404_233451_340499.png,train,0,left,time_group_013,2026-04-04T23:34:51.340499,,,,,
..\..\..\carla_data\right\MANUAL_RIGHT_20260404_233501_105571.png,train,2,right,time_group_013,2026-04-04T23:35:01.105571,,,,,
..\..\..\carla_data\right\MANUAL_RIGHT_20260404_233509_179062.png,train,2,right,time_group_013,2026-04-04T23:35:09.179062,,,,,
..\..\..\carla_data\left\MANUAL_LEFT_20260404_233513_008136.png,train,0,left,time_group_013,2026-04-04T23:35:13.008136,,,,,
..\..\..\carla_data\left\MANUAL_LEFT_20260404_233517_138838.png,train,0,left,time_group_013,2026-04-04T23:35:17.138838,,,,,
..\..\..\carla_data\left\MANUAL_LEFT_20260404_233517_613741.png,train,0,left,time_group_013,2026-04-04T23:35:17.613741,,,,,
..\..\..\carla_data\left\MANUAL_LEFT_20260404_233528_033227.png,train,0,left,time_group_013,2026-04-04T23:35:28.033227,,,,,
..\..\..\carla_data\left\MANUAL_LEFT_20260404_233535_361888.png,train,0,left,time_group_013,2026-04-04T23:35:35.361888,,,,,
..\..\..\carla_data\left\MANUAL_LEFT_20260404_233543_502850.png,train,0,left,time_group_013,2026-04-04T23:35:43.502850,,,,,
..\..\..\carla_data\left\MANUAL_LEFT_20260404_233552_437846.png,train,0,left,time_group_013,2026-04-04T23:35:52.437846,,,,,
..\..\..\carla_data\right\MANUAL_RIGHT_20260404_233559_436272.png,train,2,right,time_group_013,2026-04-04T23:35:59.436272,,,,,
..\..\..\carla_data\right\MANUAL_RIGHT_20260405_000305_036767.png,train,2,right,time_group_017,2026-04-05T00:03:05.036767,,,,,
..\..\..\carla_data\right\MANUAL_RIGHT_20260405_000312_562823.png,train,2,right,time_group_017,2026-04-05T00:03:12.562823,,,,,
..\..\..\carla_data\left\MANUAL_LEFT_20260405_000328_730317.png,train,0,left,time_group_017,2026-04-05T00:03:28.730317,,,,,
..\..\..\carla_data\left\MANUAL_LEFT_20260405_000804_418847.png,train,0,left,time_group_018,2026-04-05T00:08:04.418847,,,,,
..\..\..\carla_data\left\MANUAL_LEFT_20260405_000812_176899.png,train,0,left,time_group_018,2026-04-05T00:08:12.176899,,,,,
..\..\..\carla_data\left\MANUAL_LEFT_20260405_000849_071550.png,train,0,left,time_group_019,2026-04-05T00:08:49.071550,,,,,
..\..\..\carla_data\left\MANUAL_LEFT_20260405_000857_685616.png,train,0,left,time_group_019,2026-04-05T00:08:57.685616,,,,,
..\..\..\carla_data\right\MANUAL_RIGHT_20260405_000925_055861.png,train,2,right,time_group_020,2026-04-05T00:09:25.055861,,,,,
..\..\..\carla_data\right\MANUAL_RIGHT_20260405_000933_136994.png,train,2,right,time_group_020,2026-04-05T00:09:33.136994,,,,,
..\..\..\carla_data\right\MANUAL_RIGHT_20260405_000944_688315.png,train,2,right,time_group_020,2026-04-05T00:09:44.688315,,,,,
..\..\..\carla_data\right\MANUAL_RIGHT_20260405_000950_069267.png,train,2,right,time_group_020,2026-04-05T00:09:50.069267,,,,,
..\..\..\carla_data\right\MANUAL_RIGHT_20260405_000957_741721.png,train,2,right,time_group_020,2026-04-05T00:09:57.741721,,,,,
..\..\..\carla_data\left\MANUAL_LEFT_20260405_001010_746680.png,train,0,left,time_group_020,2026-04-05T00:10:10.746680,,,,,
..\..\..\carla_data\left\MANUAL_LEFT_20260405_001130_158663.png,train,0,left,time_group_022,2026-04-05T00:11:30.158663,,,,,
..\..\..\carla_data\left\MANUAL_LEFT_20260405_001137_670710.png,train,0,left,time_group_022,2026-04-05T00:11:37.670710,,,,,
..\..\..\carla_data\right\MANUAL_RIGHT_20260405_001153_861634.png,train,2,right,time_group_022,2026-04-05T00:11:53.861634,,,,,
..\..\..\carla_data\left\MANUAL_LEFT_20260405_001203_555221.png,train,0,left,time_group_022,2026-04-05T00:12:03.555221,,,,,
..\..\..\carla_data\left\MANUAL_LEFT_20260405_001208_173804.png,train,0,left,time_group_022,2026-04-05T00:12:08.173804,,,,,
..\..\..\carla_data\left\MANUAL_LEFT_20260405_001211_169329.png,train,0,left,time_group_022,2026-04-05T00:12:11.169329,,,,,
..\..\..\carla_data\right\MANUAL_RIGHT_20260405_001212_702962.png,train,2,right,time_group_022,2026-04-05T00:12:12.702962,,,,,
..\..\..\carla_data\right\MANUAL_RIGHT_20260405_001215_186189.png,train,2,right,time_group_022,2026-04-05T00:12:15.186189,,,,,
..\..\..\carla_data\left\MANUAL_LEFT_20260405_001220_416113.png,train,0,left,time_group_022,2026-04-05T00:12:20.416113,,,,,
..\..\..\carla_data\right\MANUAL_RIGHT_20260405_001613_656987.png,train,2,right,time_group_023,2026-04-05T00:16:13.656987,,,,,
..\..\..\carla_data\right\MANUAL_RIGHT_20260405_001618_746918.png,train,2,right,time_group_023,2026-04-05T00:16:18.746918,,,,,
..\..\..\carla_data\right\MANUAL_RIGHT_20260405_001626_550331.png,train,2,right,time_group_023,2026-04-05T00:16:26.550331,,,,,
..\..\..\carla_data\right\MANUAL_RIGHT_20260405_001635_461311.png,train,2,right,time_group_023,2026-04-05T00:16:35.461311,,,,,
..\..\..\carla_data\right\MANUAL_RIGHT_20260405_001642_486860.png,train,2,right,time_group_023,2026-04-05T00:16:42.486860,,,,,
..\..\..\carla_data\right\MANUAL_RIGHT_20260405_001642_981328.png,train,2,right,time_group_023,2026-04-05T00:16:42.981328,,,,,
..\..\..\carla_data\right\MANUAL_RIGHT_20260405_001646_280448.png,train,2,right,time_group_023,2026-04-05T00:16:46.280448,,,,,
..\..\..\carla_data\right\MANUAL_RIGHT_20260405_001654_839850.png,train,2,right,time_group_023,2026-04-05T00:16:54.839850,,,,,
..\..\..\carla_data\right\MANUAL_RIGHT_20260405_001727_477993.png,train,2,right,time_group_024,2026-04-05T00:17:27.477993,,,,,
..\..\..\carla_data\right\MANUAL_RIGHT_20260405_001753_451070.png,train,2,right,time_group_025,2026-04-05T00:17:53.451070,,,,,
..\..\..\carla_data\left\MANUAL_LEFT_20260405_001756_039335.png,train,0,left,time_group_025,2026-04-05T00:17:56.039335,,,,,
..\..\..\carla_data\right\MANUAL_RIGHT_20260405_001802_199228.png,train,2,right,time_group_025,2026-04-05T00:18:02.199228,,,,,
..\..\..\carla_data\right\MANUAL_RIGHT_20260405_001806_615267.png,train,2,right,time_group_025,2026-04-05T00:18:06.615267,,,,,
..\..\..\carla_data\right\MANUAL_RIGHT_20260405_001810_896048.png,train,2,right,time_group_025,2026-04-05T00:18:10.896048,,,,,
..\..\..\carla_data\right\MANUAL_RIGHT_20260405_001823_429898.png,train,2,right,time_group_025,2026-04-05T00:18:23.429898,,,,,
..\..\..\carla_data\left\MANUAL_LEFT_20260405_001831_200964.png,train,0,left,time_group_025,2026-04-05T00:18:31.200964,,,,,
..\..\..\carla_data\left\MANUAL_LEFT_20260405_001839_905295.png,train,0,left,time_group_025,2026-04-05T00:18:39.905295,,,,,
..\..\..\carla_data\left\MANUAL_LEFT_20260405_001849_045842.png,train,0,left,time_group_025,2026-04-05T00:18:49.045842,,,,,
..\..\..\carla_data\left\MANUAL_LEFT_20260405_001858_933811.png,train,0,left,time_group_025,2026-04-05T00:18:58.933811,,,,,
..\..\..\carla_data\right\MANUAL_RIGHT_20260405_001907_816149.png,train,2,right,time_group_025,2026-04-05T00:19:07.816149,,,,,
..\..\..\carla_data\right\MANUAL_RIGHT_20260405_001915_357196.png,train,2,right,time_group_025,2026-04-05T00:19:15.357196,,,,,
..\..\..\carla_data\right\MANUAL_RIGHT_20260405_001926_445751.png,train,2,right,time_group_025,2026-04-05T00:19:26.445751,,,,,
..\..\..\carla_data\right\MANUAL_RIGHT_20260405_001933_832868.png,train,2,right,time_group_025,2026-04-05T00:19:33.832868,,,,,
..\..\..\carla_data\right\MANUAL_RIGHT_20260405_001937_202627.png,train,2,right,time_group_025,2026-04-05T00:19:37.202627,,,,,
..\..\..\carla_data\right\MANUAL_RIGHT_20260405_001948_220710.png,train,2,right,time_group_025,2026-04-05T00:19:48.220710,,,,,
..\..\..\carla_data\left\MANUAL_LEFT_20260405_001956_198220.png,train,0,left,time_group_025,2026-04-05T00:19:56.198220,,,,,
..\..\..\carla_data\right\MANUAL_RIGHT_20260405_002003_751405.png,train,2,right,time_group_025,2026-04-05T00:20:03.751405,,,,,
..\..\..\carla_data\left\MANUAL_LEFT_20260405_002011_407060.png,train,0,left,time_group_025,2026-04-05T00:20:11.407060,,,,,
..\..\..\carla_data\right\MANUAL_RIGHT_20260405_002021_452959.png,train,2,right,time_group_025,2026-04-05T00:20:21.452959,,,,,
..\..\..\carla_data\left\MANUAL_LEFT_20260405_002026_458899.png,train,0,left,time_group_025,2026-04-05T00:20:26.458899,,,,,
..\..\..\carla_data\left\MANUAL_LEFT_20260405_002030_618403.png,train,0,left,time_group_025,2026-04-05T00:20:30.618403,,,,,
..\..\..\carla_data\left\MANUAL_LEFT_20260405_002035_580786.png,train,0,left,time_group_025,2026-04-05T00:20:35.580786,,,,,
..\..\..\carla_data\left\MANUAL_LEFT_20260405_002042_916528.png,train,0,left,time_group_025,2026-04-05T00:20:42.916528,,,,,
..\..\..\carla_data\left\MANUAL_LEFT_20260405_002051_107349.png,train,0,left,time_group_025,2026-04-05T00:20:51.107349,,,,,
..\..\..\carla_data\right\MANUAL_RIGHT_20260405_002058_863729.png,train,2,right,time_group_025,2026-04-05T00:20:58.863729,,,,,
..\..\..\carla_data\right\MANUAL_RIGHT_20260405_002106_962635.png,train,2,right,time_group_025,2026-04-05T00:21:06.962635,,,,,
..\..\..\carla_data\left\MANUAL_LEFT_20260405_002132_461256.png,train,0,left,time_group_026,2026-04-05T00:21:32.461256,,,,,
..\..\..\carla_data\left\MANUAL_LEFT_20260405_002151_276507.png,train,0,left,time_group_026,2026-04-05T00:21:51.276507,,,,,
..\..\..\carla_data\left\MANUAL_LEFT_20260405_002215_283795.png,train,0,left,time_group_027,2026-04-05T00:22:15.283795,,,,,
..\..\..\carla_data\right\MANUAL_RIGHT_20260405_002240_954738.png,train,2,right,time_group_028,2026-04-05T00:22:40.954738,,,,,
..\..\..\carla_data\right\MANUAL_RIGHT_20260405_002346_969637.png,train,2,right,time_group_029,2026-04-05T00:23:46.969637,,,,,
..\..\..\carla_data\right\MANUAL_RIGHT_20260405_002354_897844.png,train,2,right,time_group_029,2026-04-05T00:23:54.897844,,,,,
..\..\..\carla_data\right\MANUAL_RIGHT_20260405_002403_913650.png,train,2,right,time_group_029,2026-04-05T00:24:03.913650,,,,,
..\..\..\carla_data\right\MANUAL_RIGHT_20260405_002411_660235.png,train,2,right,time_group_029,2026-04-05T00:24:11.660235,,,,,
..\..\..\carla_data\right\MANUAL_RIGHT_20260405_002512_927911.png,train,2,right,time_group_031,2026-04-05T00:25:12.927911,,,,,
..\..\..\carla_data\right\MANUAL_RIGHT_20260405_002521_060310.png,train,2,right,time_group_031,2026-04-05T00:25:21.060310,,,,,
..\..\..\carla_data\left\MANUAL_LEFT_20260405_002531_845018.png,train,0,left,time_group_031,2026-04-05T00:25:31.845018,,,,,
..\..\..\carla_data\right\MANUAL_RIGHT_20260405_002541_460119.png,train,2,right,time_group_031,2026-04-05T00:25:41.460119,,,,,
..\..\..\carla_data\right\MANUAL_RIGHT_20260405_002549_481260.png,train,2,right,time_group_031,2026-04-05T00:25:49.481260,,,,,
..\..\..\carla_data\right\MANUAL_RIGHT_20260405_002557_995027.png,train,2,right,time_group_031,2026-04-05T00:25:57.995027,,,,,
..\..\..\carla_data\right\MANUAL_RIGHT_20260405_002605_218127.png,train,2,right,time_group_031,2026-04-05T00:26:05.218127,,,,,
..\..\..\carla_data\left\MANUAL_LEFT_20260405_002613_865244.png,train,0,left,time_group_031,2026-04-05T00:26:13.865244,,,,,
..\..\..\carla_data\right\MANUAL_RIGHT_20260405_002624_154683.png,train,2,right,time_group_031,2026-04-05T00:26:24.154683,,,,,
..\..\..\carla_data\right\MANUAL_RIGHT_20260405_002633_242741.png,train,2,right,time_group_031,2026-04-05T00:26:33.242741,,,,,
..\..\..\carla_data\right\MANUAL_RIGHT_20260405_002648_356219.png,train,2,right,time_group_031,2026-04-05T00:26:48.356219,,,,,
..\..\..\carla_data\right\MANUAL_RIGHT_20260405_002656_771568.png,train,2,right,time_group_031,2026-04-05T00:26:56.771568,,,,,
..\..\..\carla_data\right\MANUAL_RIGHT_20260405_002704_369170.png,train,2,right,time_group_031,2026-04-05T00:27:04.369170,,,,,
..\..\..\carla_data\right\MANUAL_RIGHT_20260405_002712_790173.png,train,2,right,time_group_031,2026-04-05T00:27:12.790173,,,,,
..\..\..\carla_data\right\MANUAL_RIGHT_20260405_002720_236914.png,train,2,right,time_group_031,2026-04-05T00:27:20.236914,,,,,
..\..\..\carla_data\right\MANUAL_RIGHT_20260405_002728_386163.png,train,2,right,time_group_031,2026-04-05T00:27:28.386163,,,,,
..\..\..\carla_data\right\MANUAL_RIGHT_20260405_002800_933220.png,train,2,right,time_group_032,2026-04-05T00:28:00.933220,,,,,
..\..\..\carla_data\right\MANUAL_RIGHT_20260405_002808_914322.png,train,2,right,time_group_032,2026-04-05T00:28:08.914322,,,,,
..\..\..\carla_data\left\MANUAL_LEFT_20260405_002816_496156.png,train,0,left,time_group_032,2026-04-05T00:28:16.496156,,,,,
..\..\..\carla_data\right\MANUAL_RIGHT_20260405_002832_402545.png,train,2,right,time_group_032,2026-04-05T00:28:32.402545,,,,,
..\..\..\carla_data\right\MANUAL_RIGHT_20260405_002840_596471.png,train,2,right,time_group_032,2026-04-05T00:28:40.596471,,,,,
..\..\..\carla_data\left\MANUAL_LEFT_20260405_002849_045571.png,train,0,left,time_group_032,2026-04-05T00:28:49.045571,,,,,
..\..\..\carla_data\right\MANUAL_RIGHT_20260405_002902_104526.png,train,2,right,time_group_032,2026-04-05T00:29:02.104526,,,,,
..\..\..\carla_data\right\MANUAL_RIGHT_20260405_002910_099438.png,train,2,right,time_group_032,2026-04-05T00:29:10.099438,,,,,
..\..\..\carla_data\right\MANUAL_RIGHT_20260405_002918_949920.png,train,2,right,time_group_032,2026-04-05T00:29:18.949920,,,,,
..\..\..\carla_data\right\MANUAL_RIGHT_20260405_002926_120236.png,train,2,right,time_group_032,2026-04-05T00:29:26.120236,,,,,
..\..\..\carla_data\right\MANUAL_RIGHT_20260405_002934_240235.png,train,2,right,time_group_032,2026-04-05T00:29:34.240235,,,,,
..\..\..\carla_data\right\MANUAL_RIGHT_20260405_002942_302315.png,train,2,right,time_group_032,2026-04-05T00:29:42.302315,,,,,
..\..\..\carla_data\right\MANUAL_RIGHT_20260405_003035_716088.png,train,2,right,time_group_033,2026-04-05T00:30:35.716088,,,,,
..\..\..\carla_data\right\MANUAL_RIGHT_20260405_003043_822669.png,train,2,right,time_group_033,2026-04-05T00:30:43.822669,,,,,
..\..\..\carla_data\left\MANUAL_LEFT_20260405_003051_932233.png,train,0,left,time_group_033,2026-04-05T00:30:51.932233,,,,,
..\..\..\carla_data\left\MANUAL_LEFT_20260405_003101_045645.png,train,0,left,time_group_033,2026-04-05T00:31:01.045645,,,,,
..\..\..\carla_data\left\MANUAL_LEFT_20260405_003119_839441.png,train,0,left,time_group_033,2026-04-05T00:31:19.839441,,,,,
..\..\..\carla_data\right\MANUAL_RIGHT_20260405_003128_500279.png,train,2,right,time_group_033,2026-04-05T00:31:28.500279,,,,,
..\..\..\carla_data\left\MANUAL_LEFT_20260405_003136_085584.png,train,0,left,time_group_033,2026-04-05T00:31:36.085584,,,,,
..\..\..\carla_data\left\MANUAL_LEFT_20260405_003215_398472.png,train,0,left,time_group_034,2026-04-05T00:32:15.398472,,,,,
..\..\..\carla_data\right\MANUAL_RIGHT_20260405_003223_259897.png,train,2,right,time_group_034,2026-04-05T00:32:23.259897,,,,,
..\..\..\carla_data\left\MANUAL_LEFT_20260405_003232_711590.png,train,0,left,time_group_034,2026-04-05T00:32:32.711590,,,,,
..\..\..\carla_data\left\MANUAL_LEFT_20260405_003247_094277.png,train,0,left,time_group_034,2026-04-05T00:32:47.094277,,,,,
..\..\..\carla_data\left\MANUAL_LEFT_20260405_003307_617303.png,train,0,left,time_group_035,2026-04-05T00:33:07.617303,,,,,
..\..\..\carla_data\right\MANUAL_RIGHT_20260405_003319_108431.png,train,2,right,time_group_035,2026-04-05T00:33:19.108431,,,,,
..\..\..\carla_data\right\MANUAL_RIGHT_20260405_003329_829630.png,train,2,right,time_group_035,2026-04-05T00:33:29.829630,,,,,
..\..\..\carla_data\left\MANUAL_LEFT_20260405_003336_322767.png,train,0,left,time_group_035,2026-04-05T00:33:36.322767,,,,,
..\..\..\carla_data\left\MANUAL_LEFT_20260405_003347_676533.png,train,0,left,time_group_035,2026-04-05T00:33:47.676533,,,,,
..\..\..\carla_data\left\MANUAL_LEFT_20260405_003357_561584.png,train,0,left,time_group_035,2026-04-05T00:33:57.561584,,,,,
..\..\..\carla_data\left\MANUAL_LEFT_20260405_003405_666639.png,train,0,left,time_group_035,2026-04-05T00:34:05.666639,,,,,
..\..\..\carla_data\left\MANUAL_LEFT_20260405_003414_322535.png,train,0,left,time_group_035,2026-04-05T00:34:14.322535,,,,,
..\..\..\carla_data\right\MANUAL_RIGHT_20260405_003422_203666.png,train,2,right,time_group_035,2026-04-05T00:34:22.203666,,,,,
..\..\..\carla_data\left\MANUAL_LEFT_20260405_003431_210578.png,train,0,left,time_group_035,2026-04-05T00:34:31.210578,,,,,
..\..\..\carla_data\right\MANUAL_RIGHT_20260405_003440_340565.png,train,2,right,time_group_035,2026-04-05T00:34:40.340565,,,,,
..\..\..\carla_data\right\MANUAL_RIGHT_20260405_003448_666916.png,train,2,right,time_group_035,2026-04-05T00:34:48.666916,,,,,
..\..\..\carla_data\right\MANUAL_RIGHT_20260405_003456_951475.png,train,2,right,time_group_035,2026-04-05T00:34:56.951475,,,,,
..\..\..\carla_data\right\MANUAL_RIGHT_20260405_003505_145957.png,train,2,right,time_group_035,2026-04-05T00:35:05.145957,,,,,
..\..\..\carla_data\right\MANUAL_RIGHT_20260405_003512_354386.png,train,2,right,time_group_035,2026-04-05T00:35:12.354386,,,,,
..\..\..\carla_data\left\MANUAL_LEFT_20260405_003553_930433.png,train,0,left,time_group_036,2026-04-05T00:35:53.930433,,,,,
..\..\..\carla_data\left\MANUAL_LEFT_20260405_003600_669185.png,train,0,left,time_group_036,2026-04-05T00:36:00.669185,,,,,
..\..\..\carla_data\left\MANUAL_LEFT_20260405_003718_796663.png,train,0,left,time_group_038,2026-04-05T00:37:18.796663,,,,,
..\..\..\carla_data\right\MANUAL_RIGHT_20260405_003727_012404.png,train,2,right,time_group_038,2026-04-05T00:37:27.012404,,,,,
..\..\..\carla_data\left\MANUAL_LEFT_20260405_003752_184569.png,train,0,left,time_group_039,2026-04-05T00:37:52.184569,,,,,
..\..\..\carla_data\left\MANUAL_LEFT_20260405_003758_391861.png,train,0,left,time_group_039,2026-04-05T00:37:58.391861,,,,,
..\..\..\carla_data\left\MANUAL_LEFT_20260405_003806_813519.png,train,0,left,time_group_039,2026-04-05T00:38:06.813519,,,,,
..\..\..\carla_data\left\MANUAL_LEFT_20260405_003815_186744.png,train,0,left,time_group_039,2026-04-05T00:38:15.186744,,,,,
..\..\..\carla_data\left\MANUAL_LEFT_20260405_003831_243633.png,train,0,left,time_group_039,2026-04-05T00:38:31.243633,,,,,
..\..\..\carla_data\right\MANUAL_RIGHT_20260405_003839_754918.png,train,2,right,time_group_039,2026-04-05T00:38:39.754918,,,,,
..\..\..\carla_data\left\MANUAL_LEFT_20260405_003847_297881.png,train,0,left,time_group_039,2026-04-05T00:38:47.297881,,,,,
..\..\..\carla_data\right\MANUAL_RIGHT_20260405_003951_972903.png,train,2,right,time_group_040,2026-04-05T00:39:51.972903,,,,,
..\..\..\carla_data\right\MANUAL_RIGHT_20260405_004020_841239.png,train,2,right,time_group_041,2026-04-05T00:40:20.841239,,,,,
..\..\..\carla_data\left\MANUAL_LEFT_20260405_004032_836616.png,train,0,left,time_group_041,2026-04-05T00:40:32.836616,,,,,
..\..\..\carla_data\left\MANUAL_LEFT_20260405_004040_288318.png,train,0,left,time_group_041,2026-04-05T00:40:40.288318,,,,,
..\..\..\carla_data\left\MANUAL_LEFT_20260405_004309_560953.png,train,0,left,time_group_043,2026-04-05T00:43:09.560953,,,,,
..\..\..\carla_data\left\MANUAL_LEFT_20260405_004316_902757.png,train,0,left,time_group_043,2026-04-05T00:43:16.902757,,,,,
..\..\..\carla_data\left\MANUAL_LEFT_20260405_004341_374763.png,train,0,left,time_group_044,2026-04-05T00:43:41.374763,,,,,
..\..\..\carla_data\left\MANUAL_LEFT_20260405_004349_767509.png,train,0,left,time_group_044,2026-04-05T00:43:49.767509,,,,,
..\..\..\carla_data\right\MANUAL_RIGHT_20260405_004358_180621.png,train,2,right,time_group_044,2026-04-05T00:43:58.180621,,,,,
..\..\..\carla_data\right\MANUAL_RIGHT_20260405_004406_018629.png,train,2,right,time_group_044,2026-04-05T00:44:06.018629,,,,,
..\..\..\carla_data\right\MANUAL_RIGHT_20260405_004415_240153.png,train,2,right,time_group_044,2026-04-05T00:44:15.240153,,,,,
..\..\..\carla_data\left\MANUAL_LEFT_20260405_004426_648363.png,train,0,left,time_group_044,2026-04-05T00:44:26.648363,,,,,
..\..\..\carla_data\right\MANUAL_RIGHT_20260405_004429_447072.png,train,2,right,time_group_044,2026-04-05T00:44:29.447072,,,,,
..\..\..\carla_data\left\MANUAL_LEFT_20260405_004624_623819.png,train,0,left,time_group_046,2026-04-05T00:46:24.623819,,,,,
..\..\..\carla_data\left\MANUAL_LEFT_20260405_004638_098312.png,train,0,left,time_group_046,2026-04-05T00:46:38.098312,,,,,
..\..\..\carla_data\right\MANUAL_RIGHT_20260405_004641_055477.png,train,2,right,time_group_046,2026-04-05T00:46:41.055477,,,,,
..\..\..\carla_data\right\MANUAL_RIGHT_20260405_004656_618620.png,train,2,right,time_group_046,2026-04-05T00:46:56.618620,,,,,
..\..\..\carla_data\right\MANUAL_RIGHT_20260405_004715_695195.png,train,2,right,time_group_046,2026-04-05T00:47:15.695195,,,,,
..\..\..\carla_data\left\MANUAL_LEFT_20260405_004724_478902.png,train,0,left,time_group_046,2026-04-05T00:47:24.478902,,,,,
..\..\..\carla_data\left\MANUAL_LEFT_20260405_004726_684712.png,train,0,left,time_group_046,2026-04-05T00:47:26.684712,,,,,
..\..\..\carla_data\right\MANUAL_RIGHT_20260405_004728_705153.png,train,2,right,time_group_046,2026-04-05T00:47:28.705153,,,,,
..\..\..\carla_data\left\MANUAL_LEFT_20260405_004740_528612.png,train,0,left,time_group_046,2026-04-05T00:47:40.528612,,,,,
..\..\..\carla_data\left\MANUAL_LEFT_20260405_005205_269437.png,train,0,left,time_group_050,2026-04-05T00:52:05.269437,,,,,
..\..\..\carla_data\left\MANUAL_LEFT_20260405_005228_889705.png,train,0,left,time_group_051,2026-04-05T00:52:28.889705,,,,,
..\..\..\carla_data\right\MANUAL_RIGHT_20260405_005237_021452.png,train,2,right,time_group_051,2026-04-05T00:52:37.021452,,,,,
..\..\..\carla_data\left\MANUAL_LEFT_20260405_005252_923023.png,train,0,left,time_group_051,2026-04-05T00:52:52.923023,,,,,
..\..\..\carla_data\right\MANUAL_RIGHT_20260405_005309_376135.png,train,2,right,time_group_051,2026-04-05T00:53:09.376135,,,,,
..\..\..\carla_data\right\MANUAL_RIGHT_20260405_005319_681720.png,train,2,right,time_group_051,2026-04-05T00:53:19.681720,,,,,
..\..\..\carla_data\right\MANUAL_RIGHT_20260405_005327_414290.png,train,2,right,time_group_051,2026-04-05T00:53:27.414290,,,,,
..\..\..\carla_data\left\MANUAL_LEFT_20260405_005401_222122.png,train,0,left,time_group_052,2026-04-05T00:54:01.222122,,,,,
..\..\..\carla_data\left\MANUAL_LEFT_20260405_005408_911766.png,train,0,left,time_group_052,2026-04-05T00:54:08.911766,,,,,
..\..\..\carla_data\left\MANUAL_LEFT_20260405_005417_283426.png,train,0,left,time_group_052,2026-04-05T00:54:17.283426,,,,,
..\..\..\carla_data\left\MANUAL_LEFT_20260405_005424_602260.png,train,0,left,time_group_052,2026-04-05T00:54:24.602260,,,,,
..\..\..\carla_data\right\MANUAL_RIGHT_20260405_005516_426836.png,train,2,right,time_group_054,2026-04-05T00:55:16.426836,,,,,
..\..\..\carla_data\right\MANUAL_RIGHT_20260405_005524_086534.png,train,2,right,time_group_054,2026-04-05T00:55:24.086534,,,,,
..\..\..\carla_data\left\MANUAL_LEFT_20260405_005532_261855.png,train,0,left,time_group_054,2026-04-05T00:55:32.261855,,,,,
..\..\..\carla_data\right\MANUAL_RIGHT_20260405_005539_959589.png,train,2,right,time_group_054,2026-04-05T00:55:39.959589,,,,,
..\..\..\carla_data\left\MANUAL_LEFT_20260405_005548_534702.png,train,0,left,time_group_054,2026-04-05T00:55:48.534702,,,,,
..\..\..\carla_data\right\MANUAL_RIGHT_20260405_005556_032065.png,train,2,right,time_group_054,2026-04-05T00:55:56.032065,,,,,
..\..\..\carla_data\right\MANUAL_RIGHT_20260405_005604_003159.png,train,2,right,time_group_054,2026-04-05T00:56:04.003159,,,,,
..\..\..\carla_data\left\MANUAL_LEFT_20260405_005611_735249.png,train,0,left,time_group_054,2026-04-05T00:56:11.735249,,,,,
..\..\..\carla_data\right\MANUAL_RIGHT_20260405_005619_615442.png,train,2,right,time_group_054,2026-04-05T00:56:19.615442,,,,,
..\..\..\carla_data\right\MANUAL_RIGHT_20260405_005628_001600.png,train,2,right,time_group_054,2026-04-05T00:56:28.001600,,,,,
..\..\..\carla_data\right\MANUAL_RIGHT_20260405_005635_748851.png,train,2,right,time_group_054,2026-04-05T00:56:35.748851,,,,,
..\..\..\carla_data\right\MANUAL_RIGHT_20260405_005644_114251.png,train,2,right,time_group_054,2026-04-05T00:56:44.114251,,,,,
..\..\..\carla_data\right\MANUAL_RIGHT_20260405_005829_129416.png,train,2,right,time_group_056,2026-04-05T00:58:29.129416,,,,,
..\..\..\carla_data\left\MANUAL_LEFT_20260405_005835_728566.png,train,0,left,time_group_056,2026-04-05T00:58:35.728566,,,,,
..\..\..\carla_data\right\MANUAL_RIGHT_20260405_010304_479568.png,train,2,right,time_group_060,2026-04-05T01:03:04.479568,,,,,
..\..\..\carla_data\left\MANUAL_LEFT_20260405_010310_801452.png,train,0,left,time_group_060,2026-04-05T01:03:10.801452,,,,,
..\..\..\carla_data\right\MANUAL_RIGHT_20260405_010312_879526.png,train,2,right,time_group_060,2026-04-05T01:03:12.879526,,,,,
..\..\..\carla_data\right\MANUAL_RIGHT_20260405_010320_419588.png,train,2,right,time_group_060,2026-04-05T01:03:20.419588,,,,,
..\..\..\carla_data\right\MANUAL_RIGHT_20260405_010641_090378.png,train,2,right,time_group_062,2026-04-05T01:06:41.090378,,,,,
..\..\..\carla_data\left\MANUAL_LEFT_20260405_010643_960993.png,train,0,left,time_group_062,2026-04-05T01:06:43.960993,,,,,
..\..\..\carla_data\left\MANUAL_LEFT_20260405_010659_697442.png,train,0,left,time_group_062,2026-04-05T01:06:59.697442,,,,,
..\..\..\carla_data\left\MANUAL_LEFT_20260405_010723_191652.png,train,0,left,time_group_063,2026-04-05T01:07:23.191652,,,,,
..\..\..\carla_data\right\MANUAL_RIGHT_20260405_010732_024139.png,train,2,right,time_group_063,2026-04-05T01:07:32.024139,,,,,
..\..\..\carla_data\left\MANUAL_LEFT_20260405_011001_645098.png,train,0,left,time_group_066,2026-04-05T01:10:01.645098,,,,,
..\..\..\carla_data\right\MANUAL_RIGHT_20260405_011009_237767.png,train,2,right,time_group_066,2026-04-05T01:10:09.237767,,,,,
..\..\..\carla_data\right\MANUAL_RIGHT_20260405_011017_191181.png,train,2,right,time_group_066,2026-04-05T01:10:17.191181,,,,,
..\..\..\carla_data\left\MANUAL_LEFT_20260405_011025_470938.png,train,0,left,time_group_066,2026-04-05T01:10:25.470938,,,,,
..\..\..\carla_data\right\MANUAL_RIGHT_20260405_011051_401390.png,train,2,right,time_group_067,2026-04-05T01:10:51.401390,,,,,
..\..\..\carla_data\left\MANUAL_LEFT_20260405_011056_261255.png,train,0,left,time_group_067,2026-04-05T01:10:56.261255,,,,,
..\..\..\carla_data\left\MANUAL_LEFT_20260405_011333_240306.png,train,0,left,time_group_069,2026-04-05T01:13:33.240306,,,,,
..\..\..\carla_data\left\MANUAL_LEFT_20260405_011340_947646.png,train,0,left,time_group_069,2026-04-05T01:13:40.947646,,,,,
..\..\..\carla_data\left\MANUAL_LEFT_20260405_011357_474945.png,train,0,left,time_group_069,2026-04-05T01:13:57.474945,,,,,
..\..\..\carla_data\left\MANUAL_LEFT_20260405_011405_317645.png,train,0,left,time_group_069,2026-04-05T01:14:05.317645,,,,,
..\..\..\carla_data\left\MANUAL_LEFT_20260405_011514_081215.png,train,0,left,time_group_071,2026-04-05T01:15:14.081215,,,,,
..\..\..\carla_data\left\MANUAL_LEFT_20260405_011547_164509.png,train,0,left,time_group_072,2026-04-05T01:15:47.164509,,,,,
..\..\..\carla_data\left\MANUAL_LEFT_20260405_011555_191403.png,train,0,left,time_group_072,2026-04-05T01:15:55.191403,,,,,
..\..\..\carla_data\left\MANUAL_LEFT_20260405_011603_815989.png,train,0,left,time_group_072,2026-04-05T01:16:03.815989,,,,,
..\..\..\carla_data\right\MANUAL_RIGHT_20260405_011634_459390.png,train,2,right,time_group_073,2026-04-05T01:16:34.459390,,,,,
..\..\..\carla_data\left\MANUAL_LEFT_20260405_011644_287536.png,train,0,left,time_group_073,2026-04-05T01:16:44.287536,,,,,
..\..\..\carla_data\left\MANUAL_LEFT_20260405_011650_316179.png,train,0,left,time_group_073,2026-04-05T01:16:50.316179,,,,,
..\..\..\carla_data\left\MANUAL_LEFT_20260405_011706_407585.png,train,0,left,time_group_073,2026-04-05T01:17:06.407585,,,,,
..\..\..\carla_data\right\MANUAL_RIGHT_20260405_011716_489519.png,train,2,right,time_group_073,2026-04-05T01:17:16.489519,,,,,
..\..\..\carla_data\left\MANUAL_LEFT_20260405_011724_111468.png,train,0,left,time_group_073,2026-04-05T01:17:24.111468,,,,,
..\..\..\carla_data\right\MANUAL_RIGHT_20260405_011732_212590.png,train,2,right,time_group_073,2026-04-05T01:17:32.212590,,,,,
..\..\..\carla_data\left\MANUAL_LEFT_20260405_011740_229372.png,train,0,left,time_group_073,2026-04-05T01:17:40.229372,,,,,
..\..\..\carla_data\right\MANUAL_RIGHT_20260405_011748_380448.png,train,2,right,time_group_073,2026-04-05T01:17:48.380448,,,,,
..\..\..\carla_data\right\MANUAL_RIGHT_20260405_011756_637822.png,train,2,right,time_group_073,2026-04-05T01:17:56.637822,,,,,
..\..\..\carla_data\left\MANUAL_LEFT_20260405_011814_689201.png,train,0,left,time_group_073,2026-04-05T01:18:14.689201,,,,,
..\..\..\carla_data\left\MANUAL_LEFT_20260405_011830_851229.png,train,0,left,time_group_073,2026-04-05T01:18:30.851229,,,,,
..\..\..\carla_data\left\MANUAL_LEFT_20260405_011917_540561.png,train,0,left,time_group_074,2026-04-05T01:19:17.540561,,,,,
..\..\..\carla_data\right\MANUAL_RIGHT_20260405_012058_533908.png,train,2,right,time_group_076,2026-04-05T01:20:58.533908,,,,,
..\..\..\carla_data\right\MANUAL_RIGHT_20260405_012108_073893.png,train,2,right,time_group_076,2026-04-05T01:21:08.073893,,,,,
..\..\..\carla_data\right\MANUAL_RIGHT_20260405_012114_110515.png,train,2,right,time_group_076,2026-04-05T01:21:14.110515,,,,,
..\..\..\carla_data\right\MANUAL_RIGHT_20260405_012123_700787.png,train,2,right,time_group_076,2026-04-05T01:21:23.700787,,,,,
..\..\..\carla_data\right\MANUAL_RIGHT_20260405_012132_171629.png,train,2,right,time_group_076,2026-04-05T01:21:32.171629,,,,,
..\..\..\carla_data\left\MANUAL_LEFT_20260405_012139_552872.png,train,0,left,time_group_076,2026-04-05T01:21:39.552872,,,,,
..\..\..\carla_data\right\MANUAL_RIGHT_20260405_012203_154146.png,train,2,right,time_group_077,2026-04-05T01:22:03.154146,,,,,
..\..\..\carla_data\right\MANUAL_RIGHT_20260405_012217_261596.png,train,2,right,time_group_077,2026-04-05T01:22:17.261596,,,,,
..\..\..\carla_data\right\MANUAL_RIGHT_20260405_012234_076943.png,train,2,right,time_group_077,2026-04-05T01:22:34.076943,,,,,
..\..\..\carla_data\right\MANUAL_RIGHT_20260405_012328_436667.png,train,2,right,time_group_078,2026-04-05T01:23:28.436667,,,,,
..\..\..\carla_data\right\MANUAL_RIGHT_20260405_012336_601718.png,train,2,right,time_group_078,2026-04-05T01:23:36.601718,,,,,
..\..\..\carla_data\right\MANUAL_RIGHT_20260405_012352_393041.png,train,2,right,time_group_078,2026-04-05T01:23:52.393041,,,,,
..\..\..\carla_data\right\MANUAL_RIGHT_20260405_012400_541693.png,train,2,right,time_group_078,2026-04-05T01:24:00.541693,,,,,
..\..\..\carla_data\right\MANUAL_RIGHT_20260405_012417_694373.png,train,2,right,time_group_078,2026-04-05T01:24:17.694373,,,,,
..\..\..\carla_data\right\MANUAL_RIGHT_20260405_012433_179614.png,train,2,right,time_group_078,2026-04-05T01:24:33.179614,,,,,
..\..\..\carla_data\right\MANUAL_RIGHT_20260405_012449_416316.png,train,2,right,time_group_078,2026-04-05T01:24:49.416316,,,,,
..\..\..\carla_data\right\MANUAL_RIGHT_20260405_012507_282148.png,train,2,right,time_group_078,2026-04-05T01:25:07.282148,,,,,
..\..\..\carla_data\right\MANUAL_RIGHT_20260405_012516_667189.png,train,2,right,time_group_078,2026-04-05T01:25:16.667189,,,,,
..\..\..\carla_data\right\MANUAL_RIGHT_20260405_012525_708585.png,train,2,right,time_group_078,2026-04-05T01:25:25.708585,,,,,
..\..\..\carla_data\right\MANUAL_RIGHT_20260405_012542_206477.png,train,2,right,time_group_078,2026-04-05T01:25:42.206477,,,,,
..\..\..\carla_data\right\MANUAL_RIGHT_20260405_012558_927573.png,train,2,right,time_group_078,2026-04-05T01:25:58.927573,,,,,
..\..\..\carla_data\right\MANUAL_RIGHT_20260405_012606_142451.png,train,2,right,time_group_078,2026-04-05T01:26:06.142451,,,,,
..\..\..\carla_data\right\MANUAL_RIGHT_20260405_012818_047542.png,train,2,right,time_group_081,2026-04-05T01:28:18.047542,,,,,
..\..\..\carla_data\right\MANUAL_RIGHT_20260405_012826_622598.png,train,2,right,time_group_081,2026-04-05T01:28:26.622598,,,,,
..\..\..\carla_data\straight\STRAIGHT_4737_20260404_030801_904311.png,val,1,straight,time_group_002,2026-04-04T03:08:01.904311,,,,,
..\..\..\carla_data\straight\STRAIGHT_4815_20260404_030803_924248.png,val,1,straight,time_group_002,2026-04-04T03:08:03.924248,,,,,
..\..\..\carla_data\straight\STRAIGHT_4868_20260404_030805_047017.png,val,1,straight,time_group_002,2026-04-04T03:08:05.047017,,,,,
..\..\..\carla_data\straight\STRAIGHT_4923_20260404_030806_366948.png,val,1,straight,time_group_002,2026-04-04T03:08:06.366948,,,,,
..\..\..\carla_data\straight\STRAIGHT_4975_20260404_030807_643889.png,val,1,straight,time_group_002,2026-04-04T03:08:07.643889,,,,,
..\..\..\carla_data\straight\STRAIGHT_5028_20260404_030808_923090.png,val,1,straight,time_group_002,2026-04-04T03:08:08.923090,,,,,
..\..\..\carla_data\straight\STRAIGHT_5047_20260404_030809_588398.png,val,1,straight,time_group_002,2026-04-04T03:08:09.588398,,,,,
..\..\..\carla_data\straight\STRAIGHT_5131_20260404_030811_303316.png,val,1,straight,time_group_002,2026-04-04T03:08:11.303316,,,,,
..\..\..\carla_data\straight\STRAIGHT_5173_20260404_030812_331049.png,val,1,straight,time_group_002,2026-04-04T03:08:12.331049,,,,,
..\..\..\carla_data\straight\STRAIGHT_5228_20260404_030813_766197.png,val,1,straight,time_group_002,2026-04-04T03:08:13.766197,,,,,
..\..\..\carla_data\straight\STRAIGHT_5245_20260404_030814_459603.png,val,1,straight,time_group_002,2026-04-04T03:08:14.459603,,,,,
..\..\..\carla_data\straight\STRAIGHT_5303_20260404_030815_957020.png,val,1,straight,time_group_002,2026-04-04T03:08:15.957020,,,,,
..\..\..\carla_data\straight\STRAIGHT_5340_20260404_030817_002700.png,val,1,straight,time_group_002,2026-04-04T03:08:17.002700,,,,,
..\..\..\carla_data\straight\STRAIGHT_5359_20260404_030817_732252.png,val,1,straight,time_group_002,2026-04-04T03:08:17.732252,,,,,
..\..\..\carla_data\straight\STRAIGHT_5412_20260404_030818_956291.png,val,1,straight,time_group_002,2026-04-04T03:08:18.956291,,,,,
..\..\..\carla_data\straight\STRAIGHT_5461_20260404_030820_342850.png,val,1,straight,time_group_002,2026-04-04T03:08:20.342850,,,,,
..\..\..\carla_data\straight\STRAIGHT_5647_20260404_030825_646532.png,val,1,straight,time_group_002,2026-04-04T03:08:25.646532,,,,,
..\..\..\carla_data\straight\STRAIGHT_5686_20260404_030826_849119.png,val,1,straight,time_group_002,2026-04-04T03:08:26.849119,,,,,
..\..\..\carla_data\straight\STRAIGHT_5737_20260404_030828_355846.png,val,1,straight,time_group_002,2026-04-04T03:08:28.355846,,,,,
..\..\..\carla_data\straight\STRAIGHT_7347_20260404_030917_157225.png,val,1,straight,time_group_003,2026-04-04T03:09:17.157225,,,,,
..\..\..\carla_data\straight\STRAIGHT_7441_20260404_030919_987251.png,val,1,straight,time_group_003,2026-04-04T03:09:19.987251,,,,,
..\..\..\carla_data\straight\STRAIGHT_7492_20260404_030921_548390.png,val,1,straight,time_group_003,2026-04-04T03:09:21.548390,,,,,
..\..\..\carla_data\straight\STRAIGHT_7538_20260404_030923_060625.png,val,1,straight,time_group_003,2026-04-04T03:09:23.060625,,,,,
..\..\..\carla_data\straight\STRAIGHT_7583_20260404_030924_469066.png,val,1,straight,time_group_003,2026-04-04T03:09:24.469066,,,,,
..\..\..\carla_data\straight\STRAIGHT_7632_20260404_030925_994865.png,val,1,straight,time_group_003,2026-04-04T03:09:25.994865,,,,,
..\..\..\carla_data\straight\STRAIGHT_7678_20260404_030927_334067.png,val,1,straight,time_group_003,2026-04-04T03:09:27.334067,,,,,
..\..\..\carla_data\straight\STRAIGHT_7728_20260404_030928_786011.png,val,1,straight,time_group_003,2026-04-04T03:09:28.786011,,,,,
..\..\..\carla_data\straight\STRAIGHT_7776_20260404_030930_351966.png,val,1,straight,time_group_003,2026-04-04T03:09:30.351966,,,,,
..\..\..\carla_data\straight\STRAIGHT_7821_20260404_030931_707600.png,val,1,straight,time_group_003,2026-04-04T03:09:31.707600,,,,,
..\..\..\carla_data\straight\STRAIGHT_7871_20260404_030933_177748.png,val,1,straight,time_group_003,2026-04-04T03:09:33.177748,,,,,
..\..\..\carla_data\straight\STRAIGHT_7926_20260404_030934_743142.png,val,1,straight,time_group_003,2026-04-04T03:09:34.743142,,,,,
..\..\..\carla_data\straight\STRAIGHT_7978_20260404_030936_179926.png,val,1,straight,time_group_003,2026-04-04T03:09:36.179926,,,,,
..\..\..\carla_data\straight\STRAIGHT_8028_20260404_030937_539933.png,val,1,straight,time_group_003,2026-04-04T03:09:37.539933,,,,,
..\..\..\carla_data\right\MANUAL_RIGHT_20260404_235916_754002.png,val,2,right,time_group_014,2026-04-04T23:59:16.754002,,,,,
..\..\..\carla_data\right\MANUAL_RIGHT_20260404_235926_281762.png,val,2,right,time_group_014,2026-04-04T23:59:26.281762,,,,,
..\..\..\carla_data\right\MANUAL_RIGHT_20260404_235934_949053.png,val,2,right,time_group_014,2026-04-04T23:59:34.949053,,,,,
..\..\..\carla_data\left\MANUAL_LEFT_20260404_235954_057041.png,val,0,left,time_group_014,2026-04-04T23:59:54.057041,,,,,
..\..\..\carla_data\right\MANUAL_RIGHT_20260405_000006_924288.png,val,2,right,time_group_014,2026-04-05T00:00:06.924288,,,,,
..\..\..\carla_data\right\MANUAL_RIGHT_20260405_000025_317216.png,val,2,right,time_group_014,2026-04-05T00:00:25.317216,,,,,
..\..\..\carla_data\right\MANUAL_RIGHT_20260405_000033_265903.png,val,2,right,time_group_014,2026-04-05T00:00:33.265903,,,,,
..\..\..\carla_data\left\MANUAL_LEFT_20260405_000041_749869.png,val,0,left,time_group_014,2026-04-05T00:00:41.749869,,,,,
..\..\..\carla_data\right\MANUAL_RIGHT_20260405_000049_166943.png,val,2,right,time_group_014,2026-04-05T00:00:49.166943,,,,,
..\..\..\carla_data\left\MANUAL_LEFT_20260405_000057_493492.png,val,0,left,time_group_014,2026-04-05T00:00:57.493492,,,,,
..\..\..\carla_data\left\MANUAL_LEFT_20260405_000104_907286.png,val,0,left,time_group_014,2026-04-05T00:01:04.907286,,,,,
..\..\..\carla_data\left\MANUAL_LEFT_20260405_000128_473192.png,val,0,left,time_group_015,2026-04-05T00:01:28.473192,,,,,
..\..\..\carla_data\left\MANUAL_LEFT_20260405_000144_971178.png,val,0,left,time_group_015,2026-04-05T00:01:44.971178,,,,,
..\..\..\carla_data\right\MANUAL_RIGHT_20260405_002441_444251.png,val,2,right,time_group_030,2026-04-05T00:24:41.444251,,,,,
..\..\..\carla_data\left\MANUAL_LEFT_20260405_003642_202903.png,val,0,left,time_group_037,2026-04-05T00:36:42.202903,,,,,
..\..\..\carla_data\left\MANUAL_LEFT_20260405_003657_134604.png,val,0,left,time_group_037,2026-04-05T00:36:57.134604,,,,,
..\..\..\carla_data\right\MANUAL_RIGHT_20260405_004456_820348.png,val,2,right,time_group_045,2026-04-05T00:44:56.820348,,,,,
..\..\..\carla_data\left\MANUAL_LEFT_20260405_004503_603757.png,val,0,left,time_group_045,2026-04-05T00:45:03.603757,,,,,
..\..\..\carla_data\left\MANUAL_LEFT_20260405_004508_728408.png,val,0,left,time_group_045,2026-04-05T00:45:08.728408,,,,,
..\..\..\carla_data\left\MANUAL_LEFT_20260405_004521_276247.png,val,0,left,time_group_045,2026-04-05T00:45:21.276247,,,,,
..\..\..\carla_data\left\MANUAL_LEFT_20260405_004532_549555.png,val,0,left,time_group_045,2026-04-05T00:45:32.549555,,,,,
..\..\..\carla_data\left\MANUAL_LEFT_20260405_004541_191086.png,val,0,left,time_group_045,2026-04-05T00:45:41.191086,,,,,
..\..\..\carla_data\left\MANUAL_LEFT_20260405_004555_235448.png,val,0,left,time_group_045,2026-04-05T00:45:55.235448,,,,,
..\..\..\carla_data\right\MANUAL_RIGHT_20260405_004558_298392.png,val,2,right,time_group_045,2026-04-05T00:45:58.298392,,,,,
..\..\..\carla_data\right\MANUAL_RIGHT_20260405_004816_282871.png,val,2,right,time_group_047,2026-04-05T00:48:16.282871,,,,,
..\..\..\carla_data\right\MANUAL_RIGHT_20260405_004823_294953.png,val,2,right,time_group_047,2026-04-05T00:48:23.294953,,,,,
..\..\..\carla_data\right\MANUAL_RIGHT_20260405_004833_398057.png,val,2,right,time_group_047,2026-04-05T00:48:33.398057,,,,,
..\..\..\carla_data\right\MANUAL_RIGHT_20260405_004915_239391.png,val,2,right,time_group_048,2026-04-05T00:49:15.239391,,,,,
..\..\..\carla_data\right\MANUAL_RIGHT_20260405_004923_768227.png,val,2,right,time_group_048,2026-04-05T00:49:23.768227,,,,,
..\..\..\carla_data\right\MANUAL_RIGHT_20260405_004939_892969.png,val,2,right,time_group_048,2026-04-05T00:49:39.892969,,,,,
..\..\..\carla_data\left\MANUAL_LEFT_20260405_004944_041123.png,val,0,left,time_group_048,2026-04-05T00:49:44.041123,,,,,
..\..\..\carla_data\left\MANUAL_LEFT_20260405_005002_767478.png,val,0,left,time_group_048,2026-04-05T00:50:02.767478,,,,,
..\..\..\carla_data\left\MANUAL_LEFT_20260405_005009_434941.png,val,0,left,time_group_048,2026-04-05T00:50:09.434941,,,,,
..\..\..\carla_data\left\MANUAL_LEFT_20260405_005016_990432.png,val,0,left,time_group_048,2026-04-05T00:50:16.990432,,,,,
..\..\..\carla_data\left\MANUAL_LEFT_20260405_005025_416992.png,val,0,left,time_group_048,2026-04-05T00:50:25.416992,,,,,
..\..\..\carla_data\right\MANUAL_RIGHT_20260405_005033_403974.png,val,2,right,time_group_048,2026-04-05T00:50:33.403974,,,,,
..\..\..\carla_data\right\MANUAL_RIGHT_20260405_005041_651684.png,val,2,right,time_group_048,2026-04-05T00:50:41.651684,,,,,
..\..\..\carla_data\left\MANUAL_LEFT_20260405_005704_771454.png,val,0,left,time_group_055,2026-04-05T00:57:04.771454,,,,,
..\..\..\carla_data\left\MANUAL_LEFT_20260405_005718_832289.png,val,0,left,time_group_055,2026-04-05T00:57:18.832289,,,,,
..\..\..\carla_data\right\MANUAL_RIGHT_20260405_005727_023165.png,val,2,right,time_group_055,2026-04-05T00:57:27.023165,,,,,
..\..\..\carla_data\right\MANUAL_RIGHT_20260405_005735_216441.png,val,2,right,time_group_055,2026-04-05T00:57:35.216441,,,,,
..\..\..\carla_data\right\MANUAL_RIGHT_20260405_005742_881131.png,val,2,right,time_group_055,2026-04-05T00:57:42.881131,,,,,
..\..\..\carla_data\left\MANUAL_LEFT_20260405_005957_517976.png,val,0,left,time_group_058,2026-04-05T00:59:57.517976,,,,,
..\..\..\carla_data\left\MANUAL_LEFT_20260405_010005_373679.png,val,0,left,time_group_058,2026-04-05T01:00:05.373679,,,,,
..\..\..\carla_data\right\MANUAL_RIGHT_20260405_010022_566877.png,val,2,right,time_group_058,2026-04-05T01:00:22.566877,,,,,
..\..\..\carla_data\left\MANUAL_LEFT_20260405_010824_331662.png,val,0,left,time_group_064,2026-04-05T01:08:24.331662,,,,,
..\..\..\carla_data\right\MANUAL_RIGHT_20260405_010831_587106.png,val,2,right,time_group_064,2026-04-05T01:08:31.587106,,,,,
..\..\..\carla_data\right\MANUAL_RIGHT_20260405_010839_425127.png,val,2,right,time_group_064,2026-04-05T01:08:39.425127,,,,,
..\..\..\carla_data\right\MANUAL_RIGHT_20260405_011943_043092.png,val,2,right,time_group_075,2026-04-05T01:19:43.043092,,,,,
..\..\..\carla_data\right\MANUAL_RIGHT_20260405_011951_109234.png,val,2,right,time_group_075,2026-04-05T01:19:51.109234,,,,,
..\..\..\carla_data\right\MANUAL_RIGHT_20260405_011958_830549.png,val,2,right,time_group_075,2026-04-05T01:19:58.830549,,,,,
..\..\..\carla_data\left\MANUAL_LEFT_20260405_012016_616276.png,val,0,left,time_group_075,2026-04-05T01:20:16.616276,,,,,
..\..\..\carla_data\left\MANUAL_LEFT_20260405_012024_700393.png,val,0,left,time_group_075,2026-04-05T01:20:24.700393,,,,,
..\..\..\carla_data\right\MANUAL_RIGHT_20260405_012713_833051.png,val,2,right,time_group_080,2026-04-05T01:27:13.833051,,,,,
..\..\..\carla_data\right\MANUAL_RIGHT_20260405_012723_110925.png,val,2,right,time_group_080,2026-04-05T01:27:23.110925,,,,,
..\..\..\carla_data\right\MANUAL_RIGHT_20260405_012737_346775.png,val,2,right,time_group_080,2026-04-05T01:27:37.346775,,,,,
..\..\..\carla_data\right\MANUAL_RIGHT_20260405_012755_838415.png,val,2,right,time_group_080,2026-04-05T01:27:55.838415,,,,,
